date,bunker_vlsfo,bunker_mgo,bunker_ifo380,bunker_ifo180,currency,unit,source,data_type
2023-01-02,647.0,1019.5,458.5,,USD,USD/MT,USDA_AgTransport_ShipAndBunker,REAL
2023-01-03,645.0,1018.5,461.5,,USD,USD/MT,USDA_AgTransport_ShipAndBunker,REAL
2023-01-04,631.5,992.0,448.5,,USD,USD/MT,USDA_AgTransport_ShipAndBunker,REAL
2023-01-05,624.5,988.0,439.5,,USD,USD/MT,USDA_AgTransport_ShipAndBunker,REAL
2023-01-06,619.5,979.0,434.5,,USD,USD/MT,USDA_AgTransport_ShipAndBunker,REAL
2023-01-09,624.5,988.0,435.5,,USD,USD/MT,USDA_AgTransport_ShipAndBunker,REAL
2023-01-10,626.0,982.5,436.0,,USD,USD/MT,USDA_AgTransport_ShipAndBunker,REAL
2023-01-11,631.0,991.0,436.5,,USD,USD/MT,USDA_AgTransport_ShipAndBunker,REAL
2023-01-12,647.0,1005.5,446.5,,USD,USD/MT,USDA_AgTransport_ShipAndBunker,REAL
2023-01-13,659.0,1022.5,447.0,,USD,USD/MT,USDA_AgTransport_ShipAndBunker,REAL
2023-01-16,663.0,1031.5,452.0,,USD,USD/MT,USDA_AgTransport_ShipAndBunker,REAL
2023-01-17,668.5,1031.5,456.0,,USD,USD/MT,USDA_AgTransport_ShipAndBunker,REAL
2023-01-18,676.5,1038.0,459.5,,USD,USD/MT,USDA_AgTransport_ShipAndBunker,REAL
2023-01-19,674.5,1033.0,462.5,,USD,USD/MT,USDA_AgTransport_ShipAndBunker,REAL
2023-01-20,687.5,1051.0,466.5,,USD,USD/MT,USDA_AgTransport_ShipAndBunker,REAL
2023-01-23,695.5,1059.5,472.0,,USD,USD/MT,USDA_AgTransport_ShipAndBunker,REAL
2023-01-24,698.0,1069.0,472.0,,USD,USD/MT,USDA_AgTransport_ShipAndBunker,REAL
2023-01-25,699.5,1063.0,471.5,,USD,USD/MT,USDA_AgTransport_ShipAndBunker,REAL
2023-01-26,700.0,1055.0,470.0,,USD,USD/MT,USDA_AgTransport_ShipAndBunker,REAL
2023-01-27,706.5,1060.5,473.0,,USD,USD/MT,USDA_AgTransport_ShipAndBunker,REAL
2023-01-30,697.5,1049.5,468.5,,USD,USD/MT,USDA_AgTransport_ShipAndBunker,REAL
2023-01-31,690.0,1034.0,461.0,,USD,USD/MT,USDA_AgTransport_ShipAndBunker,REAL
2023-02-01,703.5,1026.5,464.5,,USD,USD/MT,USDA_AgTransport_ShipAndBunker,REAL
2023-02-02,688.5,1017.0,462.0,,USD,USD/MT,USDA_AgTransport_ShipAndBunker,REAL
2023-02-03,679.0,997.0,448.0,,USD,USD/MT,USDA_AgTransport_ShipAndBunker,REAL
2023-02-06,665.5,977.0,426.0,,USD,USD/MT,USDA_AgTransport_ShipAndBunker,REAL
2023-02-07,667.5,957.5,434.0,,USD,USD/MT,USDA_AgTransport_ShipAndBunker,REAL
2023-02-08,674.0,967.5,449.0,,USD,USD/MT,USDA_AgTransport_ShipAndBunker,REAL
2023-02-09,682.0,966.5,453.0,,USD,USD/MT,USDA_AgTransport_ShipAndBunker,REAL
2023-02-10,678.5,955.0,454.5,,USD,USD/MT,USDA_AgTransport_ShipAndBunker,REAL
2023-02-13,681.0,960.5,458.5,,USD,USD/MT,USDA_AgTransport_ShipAndBunker,REAL
2023-02-14,680.5,963.5,458.5,,USD,USD/MT,USDA_AgTransport_ShipAndBunker,REAL
2023-02-15,675.5,957.0,455.5,,USD,USD/MT,USDA_AgTransport_ShipAndBunker,REAL
2023-02-16,672.0,945.0,458.0,,USD,USD/MT,USDA_AgTransport_ShipAndBunker,REAL
2023-02-17,660.0,934.5,458.0,,USD,USD/MT,USDA_AgTransport_ShipAndBunker,REAL
2023-02-20,654.0,931.0,456.5,,USD,USD/MT,USDA_AgTransport_ShipAndBunker,REAL
2023-02-21,650.5,932.5,460.0,,USD,USD/MT,USDA_AgTransport_ShipAndBunker,REAL
2023-02-22,641.5,925.5,455.5,,USD,USD/MT,USDA_AgTransport_ShipAndBunker,REAL
2023-02-23,633.0,913.0,450.5,,USD,USD/MT,USDA_AgTransport_ShipAndBunker,REAL
2023-02-24,638.0,912.5,456.0,,USD,USD/MT,USDA_AgTransport_ShipAndBunker,REAL
2023-02-27,641.0,925.5,451.5,,USD,USD/MT,USDA_AgTransport_ShipAndBunker,REAL
2023-02-28,639.0,921.5,452.5,,USD,USD/MT,USDA_AgTransport_ShipAndBunker,REAL
2023-03-01,645.0,932.0,463.0,,USD,USD/MT,USDA_AgTransport_ShipAndBunker,REAL
2023-03-02,649.5,937.0,469.0,,USD,USD/MT,USDA_AgTransport_ShipAndBunker,REAL
2023-03-03,648.0,935.0,468.0,,USD,USD/MT,USDA_AgTransport_ShipAndBunker,REAL
2023-03-06,649.5,941.5,475.0,,USD,USD/MT,USDA_AgTransport_ShipAndBunker,REAL
2023-03-07,654.0,934.0,482.0,,USD,USD/MT,USDA_AgTransport_ShipAndBunker,REAL
2023-03-08,643.0,913.0,476.0,,USD,USD/MT,USDA_AgTransport_ShipAndBunker,REAL
2023-03-09,636.5,905.0,477.5,,USD,USD/MT,USDA_AgTransport_ShipAndBunker,REAL
2023-03-10,632.5,895.5,467.5,,USD,USD/MT,USDA_AgTransport_ShipAndBunker,REAL
2023-03-13,633.5,903.5,474.0,,USD,USD/MT,USDA_AgTransport_ShipAndBunker,REAL
2023-03-14,623.0,897.5,470.0,,USD,USD/MT,USDA_AgTransport_ShipAndBunker,REAL
2023-03-15,613.0,887.0,463.0,,USD,USD/MT,USDA_AgTransport_ShipAndBunker,REAL
2023-03-16,598.0,870.5,452.5,,USD,USD/MT,USDA_AgTransport_ShipAndBunker,REAL
2023-03-17,603.0,880.5,465.0,,USD,USD/MT,USDA_AgTransport_ShipAndBunker,REAL
2023-03-20,593.0,875.0,456.0,,USD,USD/MT,USDA_AgTransport_ShipAndBunker,REAL
2023-03-21,593.0,869.5,460.5,,USD,USD/MT,USDA_AgTransport_ShipAndBunker,REAL
2023-03-22,599.0,875.0,463.0,,USD,USD/MT,USDA_AgTransport_ShipAndBunker,REAL
2023-03-23,603.0,876.0,465.0,,USD,USD/MT,USDA_AgTransport_ShipAndBunker,REAL
2023-03-24,600.0,868.5,463.0,,USD,USD/MT,USDA_AgTransport_ShipAndBunker,REAL
2023-03-27,598.5,869.5,464.5,,USD,USD/MT,USDA_AgTransport_ShipAndBunker,REAL
2023-03-28,610.5,877.5,477.5,,USD,USD/MT,USDA_AgTransport_ShipAndBunker,REAL
2023-03-29,611.0,876.5,478.5,,USD,USD/MT,USDA_AgTransport_ShipAndBunker,REAL
2023-03-30,608.0,865.0,476.0,,USD,USD/MT,USDA_AgTransport_ShipAndBunker,REAL
2023-03-31,612.5,865.0,485.5,,USD,USD/MT,USDA_AgTransport_ShipAndBunker,REAL
2023-04-03,636.5,890.5,509.5,,USD,USD/MT,USDA_AgTransport_ShipAndBunker,REAL
2023-04-04,636.5,897.0,513.0,,USD,USD/MT,USDA_AgTransport_ShipAndBunker,REAL
2023-04-05,635.5,891.0,516.0,,USD,USD/MT,USDA_AgTransport_ShipAndBunker,REAL
2023-04-06,637.0,892.0,516.5,,USD,USD/MT,USDA_AgTransport_ShipAndBunker,REAL
2023-04-07,636.0,887.0,518.5,,USD,USD/MT,USDA_AgTransport_ShipAndBunker,REAL
2023-04-10,636.5,887.0,518.5,,USD,USD/MT,USDA_AgTransport_ShipAndBunker,REAL
2023-04-11,638.5,882.5,521.5,,USD,USD/MT,USDA_AgTransport_ShipAndBunker,REAL
2023-04-12,642.0,881.5,527.5,,USD,USD/MT,USDA_AgTransport_ShipAndBunker,REAL
2023-04-13,643.0,886.5,528.5,,USD,USD/MT,USDA_AgTransport_ShipAndBunker,REAL
2023-04-14,642.0,881.5,527.5,,USD,USD/MT,USDA_AgTransport_ShipAndBunker,REAL
2023-04-17,640.5,878.5,527.5,,USD,USD/MT,USDA_AgTransport_ShipAndBunker,REAL
2023-04-18,635.5,866.5,519.5,,USD,USD/MT,USDA_AgTransport_ShipAndBunker,REAL
2023-04-19,634.5,863.5,519.0,,USD,USD/MT,USDA_AgTransport_ShipAndBunker,REAL
2023-04-20,618.0,847.0,510.5,,USD,USD/MT,USDA_AgTransport_ShipAndBunker,REAL
2023-04-21,613.0,837.0,508.0,,USD,USD/MT,USDA_AgTransport_ShipAndBunker,REAL
2023-04-24,611.5,835.0,508.0,,USD,USD/MT,USDA_AgTransport_ShipAndBunker,REAL
2023-04-25,617.0,834.5,510.5,,USD,USD/MT,USDA_AgTransport_ShipAndBunker,REAL
2023-04-26,609.0,826.5,506.5,,USD,USD/MT,USDA_AgTransport_ShipAndBunker,REAL
2023-04-27,598.0,810.5,496.5,,USD,USD/MT,USDA_AgTransport_ShipAndBunker,REAL
2023-04-28,600.0,803.5,494.5,,USD,USD/MT,USDA_AgTransport_ShipAndBunker,REAL
2023-05-01,593.5,803.5,496.5,,USD,USD/MT,USDA_AgTransport_ShipAndBunker,REAL
2023-05-02,601.0,795.0,496.5,,USD,USD/MT,USDA_AgTransport_ShipAndBunker,REAL
2023-05-03,586.0,780.0,484.0,,USD,USD/MT,USDA_AgTransport_ShipAndBunker,REAL
2023-05-04,572.0,765.5,477.0,,USD,USD/MT,USDA_AgTransport_ShipAndBunker,REAL
2023-05-05,574.0,767.5,476.5,,USD,USD/MT,USDA_AgTransport_ShipAndBunker,REAL
2023-05-08,583.0,780.5,480.0,,USD,USD/MT,USDA_AgTransport_ShipAndBunker,REAL
2023-05-09,586.5,779.0,488.0,,USD,USD/MT,USDA_AgTransport_ShipAndBunker,REAL
2023-05-10,587.0,786.5,486.0,,USD,USD/MT,USDA_AgTransport_ShipAndBunker,REAL
2023-05-11,584.0,786.5,487.5,,USD,USD/MT,USDA_AgTransport_ShipAndBunker,REAL
2023-05-12,582.0,779.0,481.5,,USD,USD/MT,USDA_AgTransport_ShipAndBunker,REAL
2023-05-15,573.0,777.0,479.5,,USD,USD/MT,USDA_AgTransport_ShipAndBunker,REAL
2023-05-16,580.5,778.0,482.5,,USD,USD/MT,USDA_AgTransport_ShipAndBunker,REAL
2023-05-17,583.0,777.0,482.0,,USD,USD/MT,USDA_AgTransport_ShipAndBunker,REAL
2023-05-18,595.0,781.5,492.0,,USD,USD/MT,USDA_AgTransport_ShipAndBunker,REAL
2023-05-19,589.0,781.0,489.5,,USD,USD/MT,USDA_AgTransport_ShipAndBunker,REAL
2023-05-22,589.5,774.5,486.5,,USD,USD/MT,USDA_AgTransport_ShipAndBunker,REAL
2023-05-23,585.0,772.5,487.0,,USD,USD/MT,USDA_AgTransport_ShipAndBunker,REAL
2023-05-24,596.0,779.0,492.0,,USD,USD/MT,USDA_AgTransport_ShipAndBunker,REAL
2023-05-25,589.0,780.0,489.5,,USD,USD/MT,USDA_AgTransport_ShipAndBunker,REAL
2023-05-26,585.0,775.5,485.0,,USD,USD/MT,USDA_AgTransport_ShipAndBunker,REAL
2023-05-29,588.5,776.5,489.0,,USD,USD/MT,USDA_AgTransport_ShipAndBunker,REAL
2023-05-30,584.5,764.5,483.5,,USD,USD/MT,USDA_AgTransport_ShipAndBunker,REAL
2023-05-31,577.0,756.5,467.5,,USD,USD/MT,USDA_AgTransport_ShipAndBunker,REAL
2023-06-01,574.0,745.5,470.5,,USD,USD/MT,USDA_AgTransport_ShipAndBunker,REAL
2023-06-02,583.5,764.0,484.5,,USD,USD/MT,USDA_AgTransport_ShipAndBunker,REAL
2023-06-05,594.5,781.5,494.5,,USD,USD/MT,USDA_AgTransport_ShipAndBunker,REAL
2023-06-06,591.5,780.0,486.5,,USD,USD/MT,USDA_AgTransport_ShipAndBunker,REAL
2023-06-07,595.0,778.5,486.0,,USD,USD/MT,USDA_AgTransport_ShipAndBunker,REAL
2023-06-08,598.5,786.5,489.5,,USD,USD/MT,USDA_AgTransport_ShipAndBunker,REAL
2023-06-09,593.0,776.0,486.0,,USD,USD/MT,USDA_AgTransport_ShipAndBunker,REAL
2023-06-12,586.5,770.0,479.5,,USD,USD/MT,USDA_AgTransport_ShipAndBunker,REAL
2023-06-13,585.0,764.0,480.5,,USD,USD/MT,USDA_AgTransport_ShipAndBunker,REAL
2023-06-14,594.5,770.0,492.0,,USD,USD/MT,USDA_AgTransport_ShipAndBunker,REAL
2023-06-15,592.5,769.5,490.0,,USD,USD/MT,USDA_AgTransport_ShipAndBunker,REAL
2023-06-16,601.5,788.0,500.0,,USD,USD/MT,USDA_AgTransport_ShipAndBunker,REAL
2023-06-19,611.0,798.0,505.5,,USD,USD/MT,USDA_AgTransport_ShipAndBunker,REAL
2023-06-20,610.0,790.0,506.5,,USD,USD/MT,USDA_AgTransport_ShipAndBunker,REAL
2023-06-21,608.0,785.0,498.5,,USD,USD/MT,USDA_AgTransport_ShipAndBunker,REAL
2023-06-22,613.5,788.5,498.5,,USD,USD/MT,USDA_AgTransport_ShipAndBunker,REAL
2023-06-23,598.5,776.0,490.0,,USD,USD/MT,USDA_AgTransport_ShipAndBunker,REAL
2023-06-26,598.5,772.0,488.0,,USD,USD/MT,USDA_AgTransport_ShipAndBunker,REAL
2023-06-27,594.0,777.0,480.0,,USD,USD/MT,USDA_AgTransport_ShipAndBunker,REAL
2023-06-28,588.5,769.5,481.0,,USD,USD/MT,USDA_AgTransport_ShipAndBunker,REAL
2023-06-29,594.0,771.0,486.5,,USD,USD/MT,USDA_AgTransport_ShipAndBunker,REAL
2023-06-30,596.0,773.0,491.0,,USD,USD/MT,USDA_AgTransport_ShipAndBunker,REAL
2023-07-03,598.5,776.0,500.0,,USD,USD/MT,USDA_AgTransport_ShipAndBunker,REAL
2023-07-04,592.0,775.5,496.0,,USD,USD/MT,USDA_AgTransport_ShipAndBunker,REAL
2023-07-05,593.0,778.5,500.0,,USD,USD/MT,USDA_AgTransport_ShipAndBunker,REAL
2023-07-06,592.0,788.5,501.0,,USD,USD/MT,USDA_AgTransport_ShipAndBunker,REAL
2023-07-07,591.5,785.0,502.5,,USD,USD/MT,USDA_AgTransport_ShipAndBunker,REAL
2023-07-10,597.5,795.5,510.0,,USD,USD/MT,USDA_AgTransport_ShipAndBunker,REAL
2023-07-11,594.0,800.5,513.0,,USD,USD/MT,USDA_AgTransport_ShipAndBunker,REAL
2023-07-12,600.0,804.5,515.0,,USD,USD/MT,USDA_AgTransport_ShipAndBunker,REAL
2023-07-13,601.0,814.0,518.5,,USD,USD/MT,USDA_AgTransport_ShipAndBunker,REAL
2023-07-14,602.5,814.0,520.5,,USD,USD/MT,USDA_AgTransport_ShipAndBunker,REAL
2023-07-17,596.5,812.5,518.5,,USD,USD/MT,USDA_AgTransport_ShipAndBunker,REAL
2023-07-18,592.5,809.5,515.5,,USD,USD/MT,USDA_AgTransport_ShipAndBunker,REAL
2023-07-19,595.5,814.5,522.5,,USD,USD/MT,USDA_AgTransport_ShipAndBunker,REAL
2023-07-20,595.0,819.5,525.0,,USD,USD/MT,USDA_AgTransport_ShipAndBunker,REAL
2023-07-21,598.5,822.0,528.5,,USD,USD/MT,USDA_AgTransport_ShipAndBunker,REAL
2023-07-24,607.5,839.5,535.0,,USD,USD/MT,USDA_AgTransport_ShipAndBunker,REAL
2023-07-25,614.5,849.5,535.5,,USD,USD/MT,USDA_AgTransport_ShipAndBunker,REAL
2023-07-26,617.5,858.5,538.5,,USD,USD/MT,USDA_AgTransport_ShipAndBunker,REAL
2023-07-27,622.5,869.0,544.5,,USD,USD/MT,USDA_AgTransport_ShipAndBunker,REAL
2023-07-28,629.0,883.0,551.5,,USD,USD/MT,USDA_AgTransport_ShipAndBunker,REAL
2023-07-31,633.5,896.0,562.0,,USD,USD/MT,USDA_AgTransport_ShipAndBunker,REAL
2023-08-01,640.5,910.5,562.5,,USD,USD/MT,USDA_AgTransport_ShipAndBunker,REAL
2023-08-02,647.5,921.0,574.5,,USD,USD/MT,USDA_AgTransport_ShipAndBunker,REAL
2023-08-03,647.0,922.0,571.5,,USD,USD/MT,USDA_AgTransport_ShipAndBunker,REAL
2023-08-04,654.5,928.0,578.0,,USD,USD/MT,USDA_AgTransport_ShipAndBunker,REAL
2023-08-07,657.5,929.0,579.5,,USD,USD/MT,USDA_AgTransport_ShipAndBunker,REAL
2023-08-08,652.0,928.5,576.5,,USD,USD/MT,USDA_AgTransport_ShipAndBunker,REAL
2023-08-09,657.0,937.0,584.5,,USD,USD/MT,USDA_AgTransport_ShipAndBunker,REAL
2023-08-10,667.5,955.5,592.0,,USD,USD/MT,USDA_AgTransport_ShipAndBunker,REAL
2023-08-11,662.5,949.5,591.5,,USD,USD/MT,USDA_AgTransport_ShipAndBunker,REAL
2023-08-14,662.5,944.5,589.5,,USD,USD/MT,USDA_AgTransport_ShipAndBunker,REAL
2023-08-15,661.5,941.5,585.5,,USD,USD/MT,USDA_AgTransport_ShipAndBunker,REAL
2023-08-16,656.5,947.5,585.5,,USD,USD/MT,USDA_AgTransport_ShipAndBunker,REAL
2023-08-17,653.0,949.0,582.5,,USD,USD/MT,USDA_AgTransport_ShipAndBunker,REAL
2023-08-18,654.5,953.0,583.0,,USD,USD/MT,USDA_AgTransport_ShipAndBunker,REAL
2023-08-21,657.5,958.5,588.5,,USD,USD/MT,USDA_AgTransport_ShipAndBunker,REAL
2023-08-22,649.0,950.0,585.0,,USD,USD/MT,USDA_AgTransport_ShipAndBunker,REAL
2023-08-23,645.5,956.0,579.5,,USD,USD/MT,USDA_AgTransport_ShipAndBunker,REAL
2023-08-24,645.5,958.5,571.5,,USD,USD/MT,USDA_AgTransport_ShipAndBunker,REAL
2023-08-25,651.0,964.0,571.0,,USD,USD/MT,USDA_AgTransport_ShipAndBunker,REAL
2023-08-28,654.5,974.0,574.0,,USD,USD/MT,USDA_AgTransport_ShipAndBunker,REAL
2023-08-29,657.0,973.0,573.0,,USD,USD/MT,USDA_AgTransport_ShipAndBunker,REAL
2023-08-30,654.0,974.5,570.0,,USD,USD/MT,USDA_AgTransport_ShipAndBunker,REAL
2023-08-31,654.5,969.0,573.0,,USD,USD/MT,USDA_AgTransport_ShipAndBunker,REAL
2023-09-01,662.0,971.5,577.0,,USD,USD/MT,USDA_AgTransport_ShipAndBunker,REAL
2023-09-04,664.0,970.0,578.0,,USD,USD/MT,USDA_AgTransport_ShipAndBunker,REAL
2023-09-05,661.0,978.0,578.0,,USD,USD/MT,USDA_AgTransport_ShipAndBunker,REAL
2023-09-06,662.0,980.5,586.0,,USD,USD/MT,USDA_AgTransport_ShipAndBunker,REAL
2023-09-07,668.5,980.5,590.0,,USD,USD/MT,USDA_AgTransport_ShipAndBunker,REAL
2023-09-08,667.0,985.0,592.5,,USD,USD/MT,USDA_AgTransport_ShipAndBunker,REAL
2023-09-11,668.5,1000.0,591.0,,USD,USD/MT,USDA_AgTransport_ShipAndBunker,REAL
2023-09-12,671.0,1005.0,589.5,,USD,USD/MT,USDA_AgTransport_ShipAndBunker,REAL
2023-09-13,675.0,1007.0,597.0,,USD,USD/MT,USDA_AgTransport_ShipAndBunker,REAL
2023-09-14,681.0,1018.0,600.0,,USD,USD/MT,USDA_AgTransport_ShipAndBunker,REAL
2023-09-15,687.0,1024.0,603.5,,USD,USD/MT,USDA_AgTransport_ShipAndBunker,REAL
2023-09-18,685.0,1021.5,601.0,,USD,USD/MT,USDA_AgTransport_ShipAndBunker,REAL
2023-09-19,682.0,1013.5,592.0,,USD,USD/MT,USDA_AgTransport_ShipAndBunker,REAL
2023-09-20,681.5,1012.5,591.0,,USD,USD/MT,USDA_AgTransport_ShipAndBunker,REAL
2023-09-21,677.5,1012.5,589.0,,USD,USD/MT,USDA_AgTransport_ShipAndBunker,REAL
2023-09-22,677.5,1016.5,590.5,,USD,USD/MT,USDA_AgTransport_ShipAndBunker,REAL
2023-09-25,674.5,1010.0,590.0,,USD,USD/MT,USDA_AgTransport_ShipAndBunker,REAL
2023-09-26,672.5,997.0,585.5,,USD,USD/MT,USDA_AgTransport_ShipAndBunker,REAL
2023-09-27,682.5,1002.5,595.0,,USD,USD/MT,USDA_AgTransport_ShipAndBunker,REAL
2023-09-28,689.0,1010.0,601.5,,USD,USD/MT,USDA_AgTransport_ShipAndBunker,REAL
2023-09-29,684.5,1012.5,592.5,,USD,USD/MT,USDA_AgTransport_ShipAndBunker,REAL
2023-10-02,683.0,1009.0,583.5,,USD,USD/MT,USDA_AgTransport_ShipAndBunker,REAL
2023-10-03,679.0,998.5,571.0,,USD,USD/MT,USDA_AgTransport_ShipAndBunker,REAL
2023-10-04,672.0,981.0,564.0,,USD,USD/MT,USDA_AgTransport_ShipAndBunker,REAL
2023-10-05,649.5,968.0,547.0,,USD,USD/MT,USDA_AgTransport_ShipAndBunker,REAL
2023-10-06,647.5,923.0,540.5,,USD,USD/MT,USDA_AgTransport_ShipAndBunker,REAL
2023-10-09,654.0,930.5,544.0,,USD,USD/MT,USDA_AgTransport_ShipAndBunker,REAL
2023-10-10,664.5,949.5,551.0,,USD,USD/MT,USDA_AgTransport_ShipAndBunker,REAL
2023-10-11,662.5,950.5,544.0,,USD,USD/MT,USDA_AgTransport_ShipAndBunker,REAL
2023-10-12,667.0,954.0,539.5,,USD,USD/MT,USDA_AgTransport_ShipAndBunker,REAL
2023-10-13,672.0,960.0,544.5,,USD,USD/MT,USDA_AgTransport_ShipAndBunker,REAL
2023-10-16,680.0,967.0,552.0,,USD,USD/MT,USDA_AgTransport_ShipAndBunker,REAL
2023-10-17,678.0,970.0,552.5,,USD,USD/MT,USDA_AgTransport_ShipAndBunker,REAL
2023-10-18,683.0,970.0,560.5,,USD,USD/MT,USDA_AgTransport_ShipAndBunker,REAL
2023-10-19,686.0,958.5,562.0,,USD,USD/MT,USDA_AgTransport_ShipAndBunker,REAL
2023-10-20,688.0,964.5,560.5,,USD,USD/MT,USDA_AgTransport_ShipAndBunker,REAL
2023-10-23,686.0,962.0,556.0,,USD,USD/MT,USDA_AgTransport_ShipAndBunker,REAL
2023-10-24,675.0,952.0,551.5,,USD,USD/MT,USDA_AgTransport_ShipAndBunker,REAL
2023-10-25,669.5,946.0,545.0,,USD,USD/MT,USDA_AgTransport_ShipAndBunker,REAL
2023-10-26,671.0,944.0,543.0,,USD,USD/MT,USDA_AgTransport_ShipAndBunker,REAL
2023-10-27,671.0,946.0,542.0,,USD,USD/MT,USDA_AgTransport_ShipAndBunker,REAL
2023-10-30,673.0,940.0,535.5,,USD,USD/MT,USDA_AgTransport_ShipAndBunker,REAL
2023-10-31,674.5,934.0,534.0,,USD,USD/MT,USDA_AgTransport_ShipAndBunker,REAL
2023-11-01,680.5,936.0,538.0,,USD,USD/MT,USDA_AgTransport_ShipAndBunker,REAL
2023-11-02,678.0,938.0,538.5,,USD,USD/MT,USDA_AgTransport_ShipAndBunker,REAL
2023-11-03,678.5,945.0,541.5,,USD,USD/MT,USDA_AgTransport_ShipAndBunker,REAL
2023-11-06,677.5,933.5,537.0,,USD,USD/MT,USDA_AgTransport_ShipAndBunker,REAL
2023-11-07,673.0,921.5,527.5,,USD,USD/MT,USDA_AgTransport_ShipAndBunker,REAL
2023-11-08,664.5,906.5,517.0,,USD,USD/MT,USDA_AgTransport_ShipAndBunker,REAL
2023-11-09,660.5,892.0,512.0,,USD,USD/MT,USDA_AgTransport_ShipAndBunker,REAL
2023-11-10,661.0,883.5,515.5,,USD,USD/MT,USDA_AgTransport_ShipAndBunker,REAL
2023-11-13,666.5,883.0,513.5,,USD,USD/MT,USDA_AgTransport_ShipAndBunker,REAL
2023-11-14,674.5,894.5,519.5,,USD,USD/MT,USDA_AgTransport_ShipAndBunker,REAL
2023-11-15,672.5,898.5,522.0,,USD,USD/MT,USDA_AgTransport_ShipAndBunker,REAL
2023-11-16,666.0,900.0,520.5,,USD,USD/MT,USDA_AgTransport_ShipAndBunker,REAL
2023-11-17,658.5,881.5,517.0,,USD,USD/MT,USDA_AgTransport_ShipAndBunker,REAL
2023-11-20,668.0,884.5,519.5,,USD,USD/MT,USDA_AgTransport_ShipAndBunker,REAL
2023-11-21,674.5,886.5,523.0,,USD,USD/MT,USDA_AgTransport_ShipAndBunker,REAL
2023-11-22,673.5,892.0,526.5,,USD,USD/MT,USDA_AgTransport_ShipAndBunker,REAL
2023-11-23,670.0,892.0,524.0,,USD,USD/MT,USDA_AgTransport_ShipAndBunker,REAL
2023-11-24,665.0,889.5,522.5,,USD,USD/MT,USDA_AgTransport_ShipAndBunker,REAL
2023-11-27,655.5,881.5,518.5,,USD,USD/MT,USDA_AgTransport_ShipAndBunker,REAL
2023-11-28,653.5,881.5,521.0,,USD,USD/MT,USDA_AgTransport_ShipAndBunker,REAL
2023-11-29,654.0,885.0,523.5,,USD,USD/MT,USDA_AgTransport_ShipAndBunker,REAL
2023-11-30,660.5,885.0,528.0,,USD,USD/MT,USDA_AgTransport_ShipAndBunker,REAL
2023-12-01,660.0,880.5,522.0,,USD,USD/MT,USDA_AgTransport_ShipAndBunker,REAL
2023-12-04,648.5,872.5,517.0,,USD,USD/MT,USDA_AgTransport_ShipAndBunker,REAL
2023-12-05,644.0,859.5,516.0,,USD,USD/MT,USDA_AgTransport_ShipAndBunker,REAL
2023-12-06,639.5,859.0,512.0,,USD,USD/MT,USDA_AgTransport_ShipAndBunker,REAL
2023-12-07,624.0,851.0,501.0,,USD,USD/MT,USDA_AgTransport_ShipAndBunker,REAL
2023-12-08,621.5,848.5,499.5,,USD,USD/MT,USDA_AgTransport_ShipAndBunker,REAL
2023-12-11,620.5,841.0,502.0,,USD,USD/MT,USDA_AgTransport_ShipAndBunker,REAL
2023-12-12,617.0,834.5,501.0,,USD,USD/MT,USDA_AgTransport_ShipAndBunker,REAL
2023-12-13,609.0,833.0,495.5,,USD,USD/MT,USDA_AgTransport_ShipAndBunker,REAL
2023-12-14,611.0,836.0,498.5,,USD,USD/MT,USDA_AgTransport_ShipAndBunker,REAL
2023-12-15,618.5,849.0,502.5,,USD,USD/MT,USDA_AgTransport_ShipAndBunker,REAL
2023-12-18,623.0,854.5,502.0,,USD,USD/MT,USDA_AgTransport_ShipAndBunker,REAL
2023-12-19,629.0,840.5,507.0,,USD,USD/MT,USDA_AgTransport_ShipAndBunker,REAL
2023-12-20,634.0,852.0,512.0,,USD,USD/MT,USDA_AgTransport_ShipAndBunker,REAL
2023-12-21,637.5,858.0,509.0,,USD,USD/MT,USDA_AgTransport_ShipAndBunker,REAL
2023-12-22,639.0,862.0,510.5,,USD,USD/MT,USDA_AgTransport_ShipAndBunker,REAL
2023-12-25,639.0,862.0,510.5,,USD,USD/MT,USDA_AgTransport_ShipAndBunker,REAL
2023-12-26,637.5,861.0,509.5,,USD,USD/MT,USDA_AgTransport_ShipAndBunker,REAL
2023-12-27,643.5,861.0,513.5,,USD,USD/MT,USDA_AgTransport_ShipAndBunker,REAL
2023-12-28,642.0,851.0,510.5,,USD,USD/MT,USDA_AgTransport_ShipAndBunker,REAL
2023-12-29,637.0,854.0,508.0,,USD,USD/MT,USDA_AgTransport_ShipAndBunker,REAL
2024-01-01,637.0,854.0,508.0,,USD,USD/MT,USDA_AgTransport_ShipAndBunker,REAL
2024-01-02,636.0,852.0,505.5,,USD,USD/MT,USDA_AgTransport_ShipAndBunker,REAL
2024-01-03,633.5,840.0,504.0,,USD,USD/MT,USDA_AgTransport_ShipAndBunker,REAL
2024-01-04,633.5,841.5,506.0,,USD,USD/MT,USDA_AgTransport_ShipAndBunker,REAL
2024-01-05,635.0,841.0,505.0,,USD,USD/MT,USDA_AgTransport_ShipAndBunker,REAL
2024-01-08,631.5,843.0,504.0,,USD,USD/MT,USDA_AgTransport_ShipAndBunker,REAL
2024-01-09,625.5,841.0,496.5,,USD,USD/MT,USDA_AgTransport_ShipAndBunker,REAL
2024-01-10,627.0,848.5,503.0,,USD,USD/MT,USDA_AgTransport_ShipAndBunker,REAL
2024-01-11,622.5,848.0,497.5,,USD,USD/MT,USDA_AgTransport_ShipAndBunker,REAL
2024-01-12,627.0,851.0,501.5,,USD,USD/MT,USDA_AgTransport_ShipAndBunker,REAL
2024-01-15,626.0,850.5,497.0,,USD,USD/MT,USDA_AgTransport_ShipAndBunker,REAL
2024-01-16,624.5,846.0,495.0,,USD,USD/MT,USDA_AgTransport_ShipAndBunker,REAL
2024-01-17,623.5,849.0,494.0,,USD,USD/MT,USDA_AgTransport_ShipAndBunker,REAL
2024-01-18,623.0,847.5,490.5,,USD,USD/MT,USDA_AgTransport_ShipAndBunker,REAL
2024-01-19,630.0,850.0,492.0,,USD,USD/MT,USDA_AgTransport_ShipAndBunker,REAL
2024-01-22,634.5,852.0,491.5,,USD,USD/MT,USDA_AgTransport_ShipAndBunker,REAL
2024-01-23,635.5,855.0,492.0,,USD,USD/MT,USDA_AgTransport_ShipAndBunker,REAL
2024-01-24,641.0,856.0,492.5,,USD,USD/MT,USDA_AgTransport_ShipAndBunker,REAL
2024-01-25,647.0,860.5,497.0,,USD,USD/MT,USDA_AgTransport_ShipAndBunker,REAL
2024-01-26,654.0,866.0,504.0,,USD,USD/MT,USDA_AgTransport_ShipAndBunker,REAL
2024-01-29,663.5,880.5,509.0,,USD,USD/MT,USDA_AgTransport_ShipAndBunker,REAL
2024-01-30,665.0,883.5,510.0,,USD,USD/MT,USDA_AgTransport_ShipAndBunker,REAL
2024-01-31,666.0,886.0,507.5,,USD,USD/MT,USDA_AgTransport_ShipAndBunker,REAL
2024-02-01,660.5,881.5,499.5,,USD,USD/MT,USDA_AgTransport_ShipAndBunker,REAL
2024-02-02,655.0,876.0,497.0,,USD,USD/MT,USDA_AgTransport_ShipAndBunker,REAL
2024-02-05,647.5,866.5,493.0,,USD,USD/MT,USDA_AgTransport_ShipAndBunker,REAL
2024-02-06,645.0,869.0,494.5,,USD,USD/MT,USDA_AgTransport_ShipAndBunker,REAL
2024-02-07,648.0,873.5,496.5,,USD,USD/MT,USDA_AgTransport_ShipAndBunker,REAL
2024-02-08,650.5,880.0,499.0,,USD,USD/MT,USDA_AgTransport_ShipAndBunker,REAL
2024-02-09,657.0,889.0,503.0,,USD,USD/MT,USDA_AgTransport_ShipAndBunker,REAL
2024-02-12,658.0,892.5,505.0,,USD,USD/MT,USDA_AgTransport_ShipAndBunker,REAL
2024-02-13,660.0,899.5,506.0,,USD,USD/MT,USDA_AgTransport_ShipAndBunker,REAL
2024-02-14,660.5,896.0,507.5,,USD,USD/MT,USDA_AgTransport_ShipAndBunker,REAL
2024-02-15,661.0,887.0,507.0,,USD,USD/MT,USDA_AgTransport_ShipAndBunker,REAL
2024-02-16,665.0,896.5,508.0,,USD,USD/MT,USDA_AgTransport_ShipAndBunker,REAL
2024-02-19,666.0,893.5,509.0,,USD,USD/MT,USDA_AgTransport_ShipAndBunker,REAL
2024-02-20,665.5,893.5,508.5,,USD,USD/MT,USDA_AgTransport_ShipAndBunker,REAL
2024-02-21,660.5,886.5,509.0,,USD,USD/MT,USDA_AgTransport_ShipAndBunker,REAL
2024-02-22,661.5,882.0,511.5,,USD,USD/MT,USDA_AgTransport_ShipAndBunker,REAL
2024-02-23,663.0,880.0,510.5,,USD,USD/MT,USDA_AgTransport_ShipAndBunker,REAL
2024-02-26,656.5,875.5,504.5,,USD,USD/MT,USDA_AgTransport_ShipAndBunker,REAL
2024-02-27,657.5,878.0,503.5,,USD,USD/MT,USDA_AgTransport_ShipAndBunker,REAL
2024-02-28,662.0,878.5,506.0,,USD,USD/MT,USDA_AgTransport_ShipAndBunker,REAL
2024-02-29,662.0,872.0,506.0,,USD,USD/MT,USDA_AgTransport_ShipAndBunker,REAL
2024-03-01,662.0,875.5,508.5,,USD,USD/MT,USDA_AgTransport_ShipAndBunker,REAL
2024-03-04,666.5,883.5,513.5,,USD,USD/MT,USDA_AgTransport_ShipAndBunker,REAL
2024-03-05,666.0,878.0,510.5,,USD,USD/MT,USDA_AgTransport_ShipAndBunker,REAL
2024-03-06,663.5,875.5,511.0,,USD,USD/MT,USDA_AgTransport_ShipAndBunker,REAL
2024-03-07,663.5,874.5,512.5,,USD,USD/MT,USDA_AgTransport_ShipAndBunker,REAL
2024-03-08,661.0,874.0,513.5,,USD,USD/MT,USDA_AgTransport_ShipAndBunker,REAL
2024-03-11,658.0,878.0,511.0,,USD,USD/MT,USDA_AgTransport_ShipAndBunker,REAL
2024-03-12,656.5,875.5,511.5,,USD,USD/MT,USDA_AgTransport_ShipAndBunker,REAL
2024-03-13,657.5,874.5,512.0,,USD,USD/MT,USDA_AgTransport_ShipAndBunker,REAL
2024-03-14,664.5,875.5,518.5,,USD,USD/MT,USDA_AgTransport_ShipAndBunker,REAL
2024-03-15,666.0,881.5,519.0,,USD,USD/MT,USDA_AgTransport_ShipAndBunker,REAL
2024-03-18,669.5,886.5,528.5,,USD,USD/MT,USDA_AgTransport_ShipAndBunker,REAL
2024-03-19,672.0,901.0,527.5,,USD,USD/MT,USDA_AgTransport_ShipAndBunker,REAL
2024-03-20,671.0,902.0,530.5,,USD,USD/MT,USDA_AgTransport_ShipAndBunker,REAL
2024-03-21,668.0,895.0,527.5,,USD,USD/MT,USDA_AgTransport_ShipAndBunker,REAL
2024-03-22,665.0,892.5,526.0,,USD,USD/MT,USDA_AgTransport_ShipAndBunker,REAL
2024-03-25,665.0,892.0,527.5,,USD,USD/MT,USDA_AgTransport_ShipAndBunker,REAL
2024-03-26,666.0,885.5,529.5,,USD,USD/MT,USDA_AgTransport_ShipAndBunker,REAL
2024-03-27,664.5,883.5,527.5,,USD,USD/MT,USDA_AgTransport_ShipAndBunker,REAL
2024-03-28,663.5,877.5,526.5,,USD,USD/MT,USDA_AgTransport_ShipAndBunker,REAL
2024-03-29,668.5,878.5,533.5,,USD,USD/MT,USDA_AgTransport_ShipAndBunker,REAL
2024-04-01,666.0,879.5,530.0,,USD,USD/MT,USDA_AgTransport_ShipAndBunker,REAL
2024-04-02,669.5,889.5,534.5,,USD,USD/MT,USDA_AgTransport_ShipAndBunker,REAL
2024-04-03,673.5,894.0,539.5,,USD,USD/MT,USDA_AgTransport_ShipAndBunker,REAL
2024-04-04,674.0,893.5,541.5,,USD,USD/MT,USDA_AgTransport_ShipAndBunker,REAL
2024-04-05,674.5,901.0,543.0,,USD,USD/MT,USDA_AgTransport_ShipAndBunker,REAL
2024-04-08,677.0,904.0,546.0,,USD,USD/MT,USDA_AgTransport_ShipAndBunker,REAL
2024-04-09,673.0,899.0,544.0,,USD,USD/MT,USDA_AgTransport_ShipAndBunker,REAL
2024-04-10,672.0,898.5,544.5,,USD,USD/MT,USDA_AgTransport_ShipAndBunker,REAL
2024-04-11,671.5,901.5,543.0,,USD,USD/MT,USDA_AgTransport_ShipAndBunker,REAL
2024-04-12,672.0,896.0,543.5,,USD,USD/MT,USDA_AgTransport_ShipAndBunker,REAL
2024-04-15,672.5,896.5,544.5,,USD,USD/MT,USDA_AgTransport_ShipAndBunker,REAL
2024-04-16,672.5,892.0,546.0,,USD,USD/MT,USDA_AgTransport_ShipAndBunker,REAL
2024-04-17,672.0,885.0,547.0,,USD,USD/MT,USDA_AgTransport_ShipAndBunker,REAL
2024-04-18,665.5,870.5,543.5,,USD,USD/MT,USDA_AgTransport_ShipAndBunker,REAL
2024-04-19,665.0,864.0,543.0,,USD,USD/MT,USDA_AgTransport_ShipAndBunker,REAL
2024-04-22,661.5,859.0,540.5,,USD,USD/MT,USDA_AgTransport_ShipAndBunker,REAL
2024-04-23,662.5,858.5,542.5,,USD,USD/MT,USDA_AgTransport_ShipAndBunker,REAL
2024-04-24,664.0,856.5,543.5,,USD,USD/MT,USDA_AgTransport_ShipAndBunker,REAL
2024-04-25,662.0,855.0,549.0,,USD,USD/MT,USDA_AgTransport_ShipAndBunker,REAL
2024-04-26,664.0,855.0,548.0,,USD,USD/MT,USDA_AgTransport_ShipAndBunker,REAL
2024-04-29,666.0,856.0,551.0,,USD,USD/MT,USDA_AgTransport_ShipAndBunker,REAL
2024-04-30,662.0,851.0,551.0,,USD,USD/MT,USDA_AgTransport_ShipAndBunker,REAL
2024-05-01,658.5,848.5,550.0,,USD,USD/MT,USDA_AgTransport_ShipAndBunker,REAL
2024-05-02,645.0,832.0,541.5,,USD,USD/MT,USDA_AgTransport_ShipAndBunker,REAL
2024-05-03,645.5,827.0,538.0,,USD,USD/MT,USDA_AgTransport_ShipAndBunker,REAL
2024-05-06,646.0,825.5,534.0,,USD,USD/MT,USDA_AgTransport_ShipAndBunker,REAL
2024-05-07,644.0,825.5,537.5,,USD,USD/MT,USDA_AgTransport_ShipAndBunker,REAL
2024-05-08,639.0,821.5,533.5,,USD,USD/MT,USDA_AgTransport_ShipAndBunker,REAL
2024-05-09,642.5,824.5,536.0,,USD,USD/MT,USDA_AgTransport_ShipAndBunker,REAL
2024-05-10,645.5,830.5,538.5,,USD,USD/MT,USDA_AgTransport_ShipAndBunker,REAL
2024-05-13,640.0,821.5,533.5,,USD,USD/MT,USDA_AgTransport_ShipAndBunker,REAL
2024-05-14,639.5,820.0,531.5,,USD,USD/MT,USDA_AgTransport_ShipAndBunker,REAL
2024-05-15,636.0,815.5,530.0,,USD,USD/MT,USDA_AgTransport_ShipAndBunker,REAL
2024-05-16,637.0,816.0,531.0,,USD,USD/MT,USDA_AgTransport_ShipAndBunker,REAL
2024-05-17,637.0,819.0,531.5,,USD,USD/MT,USDA_AgTransport_ShipAndBunker,REAL
2024-05-20,638.0,826.5,536.0,,USD,USD/MT,USDA_AgTransport_ShipAndBunker,REAL
2024-05-21,635.0,821.5,536.0,,USD,USD/MT,USDA_AgTransport_ShipAndBunker,REAL
2024-05-22,629.0,815.0,533.0,,USD,USD/MT,USDA_AgTransport_ShipAndBunker,REAL
2024-05-23,625.0,811.5,529.5,,USD,USD/MT,USDA_AgTransport_ShipAndBunker,REAL
2024-05-24,620.5,807.5,529.5,,USD,USD/MT,USDA_AgTransport_ShipAndBunker,REAL
2024-05-27,621.5,808.0,531.0,,USD,USD/MT,USDA_AgTransport_ShipAndBunker,REAL
2024-05-28,622.0,811.0,537.5,,USD,USD/MT,USDA_AgTransport_ShipAndBunker,REAL
2024-05-29,628.5,812.5,542.5,,USD,USD/MT,USDA_AgTransport_ShipAndBunker,REAL
2024-05-30,627.0,811.5,542.5,,USD,USD/MT,USDA_AgTransport_ShipAndBunker,REAL
2024-05-31,619.5,802.0,537.0,,USD,USD/MT,USDA_AgTransport_ShipAndBunker,REAL
2024-06-03,615.5,795.0,535.0,,USD,USD/MT,USDA_AgTransport_ShipAndBunker,REAL
2024-06-04,606.5,788.5,528.0,,USD,USD/MT,USDA_AgTransport_ShipAndBunker,REAL
2024-06-05,597.5,782.5,521.5,,USD,USD/MT,USDA_AgTransport_ShipAndBunker,REAL
2024-06-06,599.0,775.5,520.0,,USD,USD/MT,USDA_AgTransport_ShipAndBunker,REAL
2024-06-07,606.5,786.5,525.0,,USD,USD/MT,USDA_AgTransport_ShipAndBunker,REAL
2024-06-10,606.5,792.5,523.5,,USD,USD/MT,USDA_AgTransport_ShipAndBunker,REAL
2024-06-11,611.5,789.0,531.0,,USD,USD/MT,USDA_AgTransport_ShipAndBunker,REAL
2024-06-12,615.5,794.5,532.5,,USD,USD/MT,USDA_AgTransport_ShipAndBunker,REAL
2024-06-13,616.5,801.0,533.0,,USD,USD/MT,USDA_AgTransport_ShipAndBunker,REAL
2024-06-14,616.5,803.0,531.0,,USD,USD/MT,USDA_AgTransport_ShipAndBunker,REAL
2024-06-17,618.0,802.0,532.5,,USD,USD/MT,USDA_AgTransport_ShipAndBunker,REAL
2024-06-18,624.0,802.5,536.0,,USD,USD/MT,USDA_AgTransport_ShipAndBunker,REAL
2024-06-19,626.5,809.0,541.0,,USD,USD/MT,USDA_AgTransport_ShipAndBunker,REAL
2024-06-20,627.0,814.5,542.0,,USD,USD/MT,USDA_AgTransport_ShipAndBunker,REAL
2024-06-21,628.5,817.5,543.5,,USD,USD/MT,USDA_AgTransport_ShipAndBunker,REAL
2024-06-24,627.5,844.0,540.5,,USD,USD/MT,USDA_AgTransport_ShipAndBunker,REAL
2024-06-25,633.5,844.0,541.5,,USD,USD/MT,USDA_AgTransport_ShipAndBunker,REAL
2024-06-26,635.5,843.0,540.5,,USD,USD/MT,USDA_AgTransport_ShipAndBunker,REAL
2024-06-27,637.5,844.5,540.5,,USD,USD/MT,USDA_AgTransport_ShipAndBunker,REAL
2024-06-28,638.0,849.0,543.0,,USD,USD/MT,USDA_AgTransport_ShipAndBunker,REAL
2024-07-01,636.0,845.0,541.0,,USD,USD/MT,USDA_AgTransport_ShipAndBunker,REAL
2024-07-02,644.5,853.0,551.5,,USD,USD/MT,USDA_AgTransport_ShipAndBunker,REAL
2024-07-03,651.0,858.0,554.0,,USD,USD/MT,USDA_AgTransport_ShipAndBunker,REAL
2024-07-04,648.0,853.5,551.0,,USD,USD/MT,USDA_AgTransport_ShipAndBunker,REAL
2024-07-05,648.5,855.5,557.5,,USD,USD/MT,USDA_AgTransport_ShipAndBunker,REAL
2024-07-08,646.0,850.5,551.5,,USD,USD/MT,USDA_AgTransport_ShipAndBunker,REAL
2024-07-09,643.5,844.5,549.5,,USD,USD/MT,USDA_AgTransport_ShipAndBunker,REAL
2024-07-10,643.5,838.5,548.0,,USD,USD/MT,USDA_AgTransport_ShipAndBunker,REAL
2024-07-11,640.5,839.0,547.5,,USD,USD/MT,USDA_AgTransport_ShipAndBunker,REAL
2024-07-12,635.0,828.5,549.5,,USD,USD/MT,USDA_AgTransport_ShipAndBunker,REAL
2024-07-15,639.0,828.0,547.5,,USD,USD/MT,USDA_AgTransport_ShipAndBunker,REAL
2024-07-16,638.5,832.0,545.0,,USD,USD/MT,USDA_AgTransport_ShipAndBunker,REAL
2024-07-17,635.5,825.0,543.0,,USD,USD/MT,USDA_AgTransport_ShipAndBunker,REAL
2024-07-18,637.0,827.5,543.5,,USD,USD/MT,USDA_AgTransport_ShipAndBunker,REAL
2024-07-19,637.0,827.5,543.5,,USD,USD/MT,USDA_AgTransport_ShipAndBunker,REAL
2024-07-22,630.0,818.0,535.0,,USD,USD/MT,USDA_AgTransport_ShipAndBunker,REAL
2024-07-23,626.0,816.0,533.0,,USD,USD/MT,USDA_AgTransport_ShipAndBunker,REAL
2024-07-24,623.0,815.5,526.0,,USD,USD/MT,USDA_AgTransport_ShipAndBunker,REAL
2024-07-25,622.0,814.5,524.5,,USD,USD/MT,USDA_AgTransport_ShipAndBunker,REAL
2024-07-26,624.5,817.5,525.0,,USD,USD/MT,USDA_AgTransport_ShipAndBunker,REAL
2024-07-29,621.5,811.5,522.0,,USD,USD/MT,USDA_AgTransport_ShipAndBunker,REAL
2024-07-30,616.0,798.5,523.0,,USD,USD/MT,USDA_AgTransport_ShipAndBunker,REAL
2024-07-31,617.0,800.0,525.0,,USD,USD/MT,USDA_AgTransport_ShipAndBunker,REAL
2024-08-01,625.0,808.5,532.0,,USD,USD/MT,USDA_AgTransport_ShipAndBunker,REAL
2024-08-02,621.0,802.5,528.5,,USD,USD/MT,USDA_AgTransport_ShipAndBunker,REAL
2024-08-05,608.0,788.0,515.0,,USD,USD/MT,USDA_AgTransport_ShipAndBunker,REAL
2024-08-06,604.0,780.5,504.0,,USD,USD/MT,USDA_AgTransport_ShipAndBunker,REAL
2024-08-07,604.5,780.5,507.5,,USD,USD/MT,USDA_AgTransport_ShipAndBunker,REAL
2024-08-08,609.0,783.0,512.0,,USD,USD/MT,USDA_AgTransport_ShipAndBunker,REAL
2024-08-09,610.5,786.5,512.0,,USD,USD/MT,USDA_AgTransport_ShipAndBunker,REAL
2024-08-12,618.0,787.5,517.5,,USD,USD/MT,USDA_AgTransport_ShipAndBunker,REAL
2024-08-13,624.5,793.5,520.5,,USD,USD/MT,USDA_AgTransport_ShipAndBunker,REAL
2024-08-14,622.5,794.0,518.5,,USD,USD/MT,USDA_AgTransport_ShipAndBunker,REAL
2024-08-15,620.0,793.0,514.5,,USD,USD/MT,USDA_AgTransport_ShipAndBunker,REAL
2024-08-16,619.5,790.0,516.5,,USD,USD/MT,USDA_AgTransport_ShipAndBunker,REAL
2024-08-19,615.5,784.0,512.0,,USD,USD/MT,USDA_AgTransport_ShipAndBunker,REAL
2024-08-20,609.5,774.0,506.0,,USD,USD/MT,USDA_AgTransport_ShipAndBunker,REAL
2024-08-21,610.0,770.0,504.5,,USD,USD/MT,USDA_AgTransport_ShipAndBunker,REAL
2024-08-22,609.5,768.5,501.0,,USD,USD/MT,USDA_AgTransport_ShipAndBunker,REAL
2024-08-23,615.5,769.5,505.0,,USD,USD/MT,USDA_AgTransport_ShipAndBunker,REAL
2024-08-26,623.5,777.0,505.5,,USD,USD/MT,USDA_AgTransport_ShipAndBunker,REAL
2024-08-27,631.5,783.5,506.5,,USD,USD/MT,USDA_AgTransport_ShipAndBunker,REAL
2024-08-28,630.5,776.5,500.5,,USD,USD/MT,USDA_AgTransport_ShipAndBunker,REAL
2024-08-29,626.0,772.0,498.0,,USD,USD/MT,USDA_AgTransport_ShipAndBunker,REAL
2024-08-30,629.0,773.5,500.0,,USD,USD/MT,USDA_AgTransport_ShipAndBunker,REAL
2024-09-02,624.0,768.5,491.5,,USD,USD/MT,USDA_AgTransport_ShipAndBunker,REAL
2024-09-03,624.0,768.0,497.0,,USD,USD/MT,USDA_AgTransport_ShipAndBunker,REAL
2024-09-04,616.0,754.5,488.5,,USD,USD/MT,USDA_AgTransport_ShipAndBunker,REAL
2024-09-05,616.0,747.5,485.0,,USD,USD/MT,USDA_AgTransport_ShipAndBunker,REAL
2024-09-06,612.5,746.5,482.5,,USD,USD/MT,USDA_AgTransport_ShipAndBunker,REAL
2024-09-09,604.0,739.0,479.0,,USD,USD/MT,USDA_AgTransport_ShipAndBunker,REAL
2024-09-10,596.0,734.5,474.5,,USD,USD/MT,USDA_AgTransport_ShipAndBunker,REAL
2024-09-11,587.5,729.5,474.5,,USD,USD/MT,USDA_AgTransport_ShipAndBunker,REAL
2024-09-12,589.5,730.5,479.5,,USD,USD/MT,USDA_AgTransport_ShipAndBunker,REAL
2024-09-13,591.5,733.5,483.0,,USD,USD/MT,USDA_AgTransport_ShipAndBunker,REAL
2024-09-16,591.0,730.5,481.5,,USD,USD/MT,USDA_AgTransport_ShipAndBunker,REAL
2024-09-17,590.5,728.5,483.0,,USD,USD/MT,USDA_AgTransport_ShipAndBunker,REAL
2024-09-18,588.5,730.0,483.0,,USD,USD/MT,USDA_AgTransport_ShipAndBunker,REAL
2024-09-19,589.5,733.0,486.0,,USD,USD/MT,USDA_AgTransport_ShipAndBunker,REAL
2024-09-20,598.5,739.5,488.5,,USD,USD/MT,USDA_AgTransport_ShipAndBunker,REAL
2024-09-23,603.0,738.5,480.5,,USD,USD/MT,USDA_AgTransport_ShipAndBunker,REAL
2024-09-24,609.0,740.0,483.0,,USD,USD/MT,USDA_AgTransport_ShipAndBunker,REAL
2024-09-25,606.5,736.5,483.5,,USD,USD/MT,USDA_AgTransport_ShipAndBunker,REAL
2024-09-26,597.5,728.5,469.0,,USD,USD/MT,USDA_AgTransport_ShipAndBunker,REAL
2024-09-27,591.0,726.0,480.5,,USD,USD/MT,USDA_AgTransport_ShipAndBunker,REAL
2024-09-30,592.0,730.0,482.5,,USD,USD/MT,USDA_AgTransport_ShipAndBunker,REAL
2024-10-01,588.5,728.0,480.5,,USD,USD/MT,USDA_AgTransport_ShipAndBunker,REAL
2024-10-02,603.5,741.5,498.5,,USD,USD/MT,USDA_AgTransport_ShipAndBunker,REAL
2024-10-03,603.0,742.0,501.5,,USD,USD/MT,USDA_AgTransport_ShipAndBunker,REAL
2024-10-04,615.0,757.0,515.0,,USD,USD/MT,USDA_AgTransport_ShipAndBunker,REAL
2024-10-07,616.0,763.5,515.5,,USD,USD/MT,USDA_AgTransport_ShipAndBunker,REAL
2024-10-08,622.0,767.5,521.0,,USD,USD/MT,USDA_AgTransport_ShipAndBunker,REAL
2024-10-09,612.5,761.5,515.0,,USD,USD/MT,USDA_AgTransport_ShipAndBunker,REAL
2024-10-10,616.5,763.0,514.5,,USD,USD/MT,USDA_AgTransport_ShipAndBunker,REAL
2024-10-11,624.0,766.0,519.0,,USD,USD/MT,USDA_AgTransport_ShipAndBunker,REAL
2024-10-14,622.5,765.5,517.5,,USD,USD/MT,USDA_AgTransport_ShipAndBunker,REAL
2024-10-15,608.5,752.5,501.5,,USD,USD/MT,USDA_AgTransport_ShipAndBunker,REAL
2024-10-16,605.5,743.5,502.5,,USD,USD/MT,USDA_AgTransport_ShipAndBunker,REAL
2024-10-17,605.0,744.0,500.5,,USD,USD/MT,USDA_AgTransport_ShipAndBunker,REAL
2024-10-18,602.5,742.0,500.0,,USD,USD/MT,USDA_AgTransport_ShipAndBunker,REAL
2024-10-21,602.0,744.5,509.0,,USD,USD/MT,USDA_AgTransport_ShipAndBunker,REAL
2024-10-22,603.5,745.0,527.0,,USD,USD/MT,USDA_AgTransport_ShipAndBunker,REAL
2024-10-23,608.5,749.0,535.5,,USD,USD/MT,USDA_AgTransport_ShipAndBunker,REAL
2024-10-24,609.0,751.0,522.0,,USD,USD/MT,USDA_AgTransport_ShipAndBunker,REAL
2024-10-25,606.5,750.0,520.0,,USD,USD/MT,USDA_AgTransport_ShipAndBunker,REAL
2024-10-28,591.0,739.5,509.5,,USD,USD/MT,USDA_AgTransport_ShipAndBunker,REAL
2024-10-29,584.5,734.5,509.5,,USD,USD/MT,USDA_AgTransport_ShipAndBunker,REAL
2024-10-30,589.5,738.0,512.0,,USD,USD/MT,USDA_AgTransport_ShipAndBunker,REAL
2024-10-31,591.0,746.5,513.5,,USD,USD/MT,USDA_AgTransport_ShipAndBunker,REAL
2024-11-01,595.5,755.5,515.0,,USD,USD/MT,USDA_AgTransport_ShipAndBunker,REAL
2024-11-04,596.0,757.0,505.5,,USD,USD/MT,USDA_AgTransport_ShipAndBunker,REAL
2024-11-05,598.0,758.5,505.5,,USD,USD/MT,USDA_AgTransport_ShipAndBunker,REAL
2024-11-06,599.0,755.5,501.0,,USD,USD/MT,USDA_AgTransport_ShipAndBunker,REAL
2024-11-07,599.5,757.5,500.0,,USD,USD/MT,USDA_AgTransport_ShipAndBunker,REAL
2024-11-08,599.5,756.0,498.0,,USD,USD/MT,USDA_AgTransport_ShipAndBunker,REAL
2024-11-11,593.5,750.5,494.0,,USD,USD/MT,USDA_AgTransport_ShipAndBunker,REAL
2024-11-12,588.0,748.5,488.0,,USD,USD/MT,USDA_AgTransport_ShipAndBunker,REAL
2024-11-13,585.0,749.5,487.5,,USD,USD/MT,USDA_AgTransport_ShipAndBunker,REAL
2024-11-14,584.0,751.5,488.0,,USD,USD/MT,USDA_AgTransport_ShipAndBunker,REAL
2024-11-15,582.5,753.0,486.5,,USD,USD/MT,USDA_AgTransport_ShipAndBunker,REAL
2024-11-18,582.5,753.0,482.0,,USD,USD/MT,USDA_AgTransport_ShipAndBunker,REAL
2024-11-19,586.0,759.0,484.0,,USD,USD/MT,USDA_AgTransport_ShipAndBunker,REAL
2024-11-20,586.0,759.0,488.0,,USD,USD/MT,USDA_AgTransport_ShipAndBunker,REAL
2024-11-21,586.0,761.0,487.5,,USD,USD/MT,USDA_AgTransport_ShipAndBunker,REAL
2024-11-22,589.0,764.5,492.0,,USD,USD/MT,USDA_AgTransport_ShipAndBunker,REAL
2024-11-25,587.5,765.0,490.0,,USD,USD/MT,USDA_AgTransport_ShipAndBunker,REAL
2024-11-26,583.5,762.5,488.0,,USD,USD/MT,USDA_AgTransport_ShipAndBunker,REAL
2024-11-27,580.0,761.0,488.0,,USD,USD/MT,USDA_AgTransport_ShipAndBunker,REAL
2024-11-28,578.0,758.5,489.0,,USD,USD/MT,USDA_AgTransport_ShipAndBunker,REAL
2024-11-29,579.5,758.5,491.0,,USD,USD/MT,USDA_AgTransport_ShipAndBunker,REAL
2024-12-02,578.5,758.5,492.0,,USD,USD/MT,USDA_AgTransport_ShipAndBunker,REAL
2024-12-03,577.5,759.0,496.5,,USD,USD/MT,USDA_AgTransport_ShipAndBunker,REAL
2024-12-04,581.0,760.0,498.0,,USD,USD/MT,USDA_AgTransport_ShipAndBunker,REAL
2024-12-05,578.5,755.0,491.0,,USD,USD/MT,USDA_AgTransport_ShipAndBunker,REAL
2024-12-06,573.0,751.0,488.5,,USD,USD/MT,USDA_AgTransport_ShipAndBunker,REAL
2024-12-09,572.5,748.5,488.0,,USD,USD/MT,USDA_AgTransport_ShipAndBunker,REAL
2024-12-10,570.0,746.5,494.5,,USD,USD/MT,USDA_AgTransport_ShipAndBunker,REAL
2024-12-11,571.0,746.5,495.5,,USD,USD/MT,USDA_AgTransport_ShipAndBunker,REAL
2024-12-12,574.5,750.5,498.0,,USD,USD/MT,USDA_AgTransport_ShipAndBunker,REAL
2024-12-13,575.5,756.5,499.5,,USD,USD/MT,USDA_AgTransport_ShipAndBunker,REAL
2024-12-16,577.5,757.0,501.5,,USD,USD/MT,USDA_AgTransport_ShipAndBunker,REAL
2024-12-17,577.0,759.5,507.0,,USD,USD/MT,USDA_AgTransport_ShipAndBunker,REAL
2024-12-18,575.5,760.0,509.0,,USD,USD/MT,USDA_AgTransport_ShipAndBunker,REAL
2024-12-19,574.5,760.5,508.0,,USD,USD/MT,USDA_AgTransport_ShipAndBunker,REAL
2024-12-20,572.0,758.0,507.5,,USD,USD/MT,USDA_AgTransport_ShipAndBunker,REAL
2024-12-23,573.5,756.0,508.5,,USD,USD/MT,USDA_AgTransport_ShipAndBunker,REAL
2024-12-24,574.0,748.0,501.5,,USD,USD/MT,USDA_AgTransport_ShipAndBunker,REAL
2024-12-25,574.0,748.0,501.5,,USD,USD/MT,USDA_AgTransport_ShipAndBunker,REAL
2024-12-26,577.5,749.5,506.0,,USD,USD/MT,USDA_AgTransport_ShipAndBunker,REAL
2024-12-27,577.0,751.5,504.0,,USD,USD/MT,USDA_AgTransport_ShipAndBunker,REAL
2024-12-30,578.5,760.0,500.0,,USD,USD/MT,USDA_AgTransport_ShipAndBunker,REAL
2024-12-31,582.0,766.5,505.5,,USD,USD/MT,USDA_AgTransport_ShipAndBunker,REAL
2025-01-01,582.0,766.5,506.0,,USD,USD/MT,USDA_AgTransport_ShipAndBunker,REAL
2025-01-02,582.5,767.5,504.0,,USD,USD/MT,USDA_AgTransport_ShipAndBunker,REAL
2025-01-03,587.0,770.5,502.5,,USD,USD/MT,USDA_AgTransport_ShipAndBunker,REAL
2025-01-06,587.5,776.0,501.0,,USD,USD/MT,USDA_AgTransport_ShipAndBunker,REAL
2025-01-07,587.0,768.5,499.0,,USD,USD/MT,USDA_AgTransport_ShipAndBunker,REAL
2025-01-08,592.5,773.0,500.5,,USD,USD/MT,USDA_AgTransport_ShipAndBunker,REAL
2025-01-09,591.5,775.0,499.0,,USD,USD/MT,USDA_AgTransport_ShipAndBunker,REAL
2025-01-10,596.5,774.0,505.5,,USD,USD/MT,USDA_AgTransport_ShipAndBunker,REAL
2025-01-13,608.5,798.5,521.0,,USD,USD/MT,USDA_AgTransport_ShipAndBunker,REAL
2025-01-14,610.5,801.0,519.0,,USD,USD/MT,USDA_AgTransport_ShipAndBunker,REAL
2025-01-15,608.5,801.5,518.0,,USD,USD/MT,USDA_AgTransport_ShipAndBunker,REAL
2025-01-16,616.5,812.0,525.0,,USD,USD/MT,USDA_AgTransport_ShipAndBunker,REAL
2025-01-17,620.5,817.0,533.0,,USD,USD/MT,USDA_AgTransport_ShipAndBunker,REAL
2025-01-20,619.0,816.5,517.5,,USD,USD/MT,USDA_AgTransport_ShipAndBunker,REAL
2025-01-21,615.5,810.0,517.0,,USD,USD/MT,USDA_AgTransport_ShipAndBunker,REAL
2025-01-22,613.0,804.0,516.0,,USD,USD/MT,USDA_AgTransport_ShipAndBunker,REAL
2025-01-23,614.5,793.5,514.0,,USD,USD/MT,USDA_AgTransport_ShipAndBunker,REAL
2025-01-24,613.5,796.0,515.0,,USD,USD/MT,USDA_AgTransport_ShipAndBunker,REAL
2025-01-27,612.5,797.5,512.5,,USD,USD/MT,USDA_AgTransport_ShipAndBunker,REAL
2025-01-28,613.0,787.5,511.5,,USD,USD/MT,USDA_AgTransport_ShipAndBunker,REAL
2025-01-29,611.0,780.5,509.5,,USD,USD/MT,USDA_AgTransport_ShipAndBunker,REAL
2025-01-30,610.0,779.5,509.5,,USD,USD/MT,USDA_AgTransport_ShipAndBunker,REAL
2025-01-31,609.5,787.5,510.5,,USD,USD/MT,USDA_AgTransport_ShipAndBunker,REAL
2025-02-03,609.5,783.5,511.0,,USD,USD/MT,USDA_AgTransport_ShipAndBunker,REAL
2025-02-04,605.5,779.0,506.0,,USD,USD/MT,USDA_AgTransport_ShipAndBunker,REAL
2025-02-05,605.5,783.0,509.5,,USD,USD/MT,USDA_AgTransport_ShipAndBunker,REAL
2025-02-06,599.5,778.5,508.0,,USD,USD/MT,USDA_AgTransport_ShipAndBunker,REAL
2025-02-07,597.0,779.5,512.0,,USD,USD/MT,USDA_AgTransport_ShipAndBunker,REAL
2025-02-10,599.0,785.0,518.0,,USD,USD/MT,USDA_AgTransport_ShipAndBunker,REAL
2025-02-11,603.0,792.5,522.5,,USD,USD/MT,USDA_AgTransport_ShipAndBunker,REAL
2025-02-12,602.0,792.5,520.5,,USD,USD/MT,USDA_AgTransport_ShipAndBunker,REAL
2025-02-13,593.5,786.0,515.0,,USD,USD/MT,USDA_AgTransport_ShipAndBunker,REAL
2025-02-14,595.5,785.0,514.0,,USD,USD/MT,USDA_AgTransport_ShipAndBunker,REAL
2025-02-17,596.5,785.5,513.0,,USD,USD/MT,USDA_AgTransport_ShipAndBunker,REAL
2025-02-18,594.5,788.5,514.0,,USD,USD/MT,USDA_AgTransport_ShipAndBunker,REAL
2025-02-19,596.5,778.5,518.5,,USD,USD/MT,USDA_AgTransport_ShipAndBunker,REAL
2025-02-20,598.0,787.0,519.0,,USD,USD/MT,USDA_AgTransport_ShipAndBunker,REAL
2025-02-21,596.0,791.5,517.0,,USD,USD/MT,USDA_AgTransport_ShipAndBunker,REAL
2025-02-24,591.0,785.0,513.0,,USD,USD/MT,USDA_AgTransport_ShipAndBunker,REAL
2025-02-25,587.5,781.0,511.5,,USD,USD/MT,USDA_AgTransport_ShipAndBunker,REAL
2025-02-26,582.0,775.5,507.0,,USD,USD/MT,USDA_AgTransport_ShipAndBunker,REAL
2025-02-27,576.0,773.5,506.5,,USD,USD/MT,USDA_AgTransport_ShipAndBunker,REAL
2025-02-28,576.5,772.5,506.0,,USD,USD/MT,USDA_AgTransport_ShipAndBunker,REAL
2025-03-03,573.5,771.5,508.0,,USD,USD/MT,USDA_AgTransport_ShipAndBunker,REAL
2025-03-04,565.0,760.5,496.5,,USD,USD/MT,USDA_AgTransport_ShipAndBunker,REAL
2025-03-05,559.0,757.5,493.0,,USD,USD/MT,USDA_AgTransport_ShipAndBunker,REAL
2025-03-06,555.5,752.5,492.0,,USD,USD/MT,USDA_AgTransport_ShipAndBunker,REAL
2025-03-07,552.0,745.5,493.5,,USD,USD/MT,USDA_AgTransport_ShipAndBunker,REAL
2025-03-10,552.0,749.0,496.5,,USD,USD/MT,USDA_AgTransport_ShipAndBunker,REAL
2025-03-11,550.5,745.5,493.0,,USD,USD/MT,USDA_AgTransport_ShipAndBunker,REAL
2025-03-12,552.0,737.5,493.5,,USD,USD/MT,USDA_AgTransport_ShipAndBunker,REAL
2025-03-13,553.0,744.0,493.0,,USD,USD/MT,USDA_AgTransport_ShipAndBunker,REAL
2025-03-14,551.5,740.5,492.0,,USD,USD/MT,USDA_AgTransport_ShipAndBunker,REAL
2025-03-17,551.5,743.5,492.0,,USD,USD/MT,USDA_AgTransport_ShipAndBunker,REAL
2025-03-18,553.0,746.0,494.5,,USD,USD/MT,USDA_AgTransport_ShipAndBunker,REAL
2025-03-19,549.0,742.0,489.0,,USD,USD/MT,USDA_AgTransport_ShipAndBunker,REAL
2025-03-20,549.0,743.5,485.5,,USD,USD/MT,USDA_AgTransport_ShipAndBunker,REAL
2025-03-21,551.5,747.0,489.0,,USD,USD/MT,USDA_AgTransport_ShipAndBunker,REAL
2025-03-24,552.5,751.0,490.5,,USD,USD/MT,USDA_AgTransport_ShipAndBunker,REAL
2025-03-25,555.5,754.5,492.5,,USD,USD/MT,USDA_AgTransport_ShipAndBunker,REAL
2025-03-26,556.5,754.5,493.0,,USD,USD/MT,USDA_AgTransport_ShipAndBunker,REAL
2025-03-27,558.0,758.0,492.5,,USD,USD/MT,USDA_AgTransport_ShipAndBunker,REAL
2025-03-28,560.0,760.0,498.0,,USD,USD/MT,USDA_AgTransport_ShipAndBunker,REAL
2025-03-31,560.5,759.0,498.0,,USD,USD/MT,USDA_AgTransport_ShipAndBunker,REAL
2025-04-01,565.0,765.5,501.5,,USD,USD/MT,USDA_AgTransport_ShipAndBunker,REAL
2025-04-02,567.0,764.0,501.5,,USD,USD/MT,USDA_AgTransport_ShipAndBunker,REAL
2025-04-03,562.0,756.0,495.0,,USD,USD/MT,USDA_AgTransport_ShipAndBunker,REAL
2025-04-04,548.5,735.0,482.0,,USD,USD/MT,USDA_AgTransport_ShipAndBunker,REAL
2025-04-07,530.0,711.5,461.5,,USD,USD/MT,USDA_AgTransport_ShipAndBunker,REAL
2025-04-08,524.0,707.5,461.5,,USD,USD/MT,USDA_AgTransport_ShipAndBunker,REAL
2025-04-09,515.0,696.5,451.5,,USD,USD/MT,USDA_AgTransport_ShipAndBunker,REAL
2025-04-10,518.0,698.0,454.0,,USD,USD/MT,USDA_AgTransport_ShipAndBunker,REAL
2025-04-11,521.0,700.0,451.5,,USD,USD/MT,USDA_AgTransport_ShipAndBunker,REAL
2025-04-14,523.0,704.0,457.5,,USD,USD/MT,USDA_AgTransport_ShipAndBunker,REAL
2025-04-15,524.0,706.5,458.5,,USD,USD/MT,USDA_AgTransport_ShipAndBunker,REAL
2025-04-16,521.0,707.5,456.5,,USD,USD/MT,USDA_AgTransport_ShipAndBunker,REAL
2025-04-17,523.5,714.0,460.5,,USD,USD/MT,USDA_AgTransport_ShipAndBunker,REAL
2025-04-18,529.5,717.0,464.0,,USD,USD/MT,USDA_AgTransport_ShipAndBunker,REAL
2025-04-21,526.0,720.0,463.0,,USD,USD/MT,USDA_AgTransport_ShipAndBunker,REAL
2025-04-22,526.5,722.5,461.0,,USD,USD/MT,USDA_AgTransport_ShipAndBunker,REAL
2025-04-23,529.0,724.0,465.0,,USD,USD/MT,USDA_AgTransport_ShipAndBunker,REAL
2025-04-24,526.0,712.5,461.5,,USD,USD/MT,USDA_AgTransport_ShipAndBunker,REAL
2025-04-25,526.5,712.0,461.0,,USD,USD/MT,USDA_AgTransport_ShipAndBunker,REAL
2025-04-28,529.0,714.5,461.0,,USD,USD/MT,USDA_AgTransport_ShipAndBunker,REAL
2025-04-29,524.5,710.5,456.0,,USD,USD/MT,USDA_AgTransport_ShipAndBunker,REAL
2025-04-30,521.0,705.5,454.0,,USD,USD/MT,USDA_AgTransport_ShipAndBunker,REAL
2025-05-01,516.0,700.0,449.5,,USD,USD/MT,USDA_AgTransport_ShipAndBunker,REAL
2025-05-02,517.5,697.0,446.5,,USD,USD/MT,USDA_AgTransport_ShipAndBunker,REAL
2025-05-05,513.5,694.5,440.0,,USD,USD/MT,USDA_AgTransport_ShipAndBunker,REAL
2025-05-06,515.0,692.5,445.5,,USD,USD/MT,USDA_AgTransport_ShipAndBunker,REAL
2025-05-07,518.5,695.5,449.5,,USD,USD/MT,USDA_AgTransport_ShipAndBunker,REAL
2025-05-08,519.5,694.0,448.5,,USD,USD/MT,USDA_AgTransport_ShipAndBunker,REAL
2025-05-09,526.0,700.5,455.5,,USD,USD/MT,USDA_AgTransport_ShipAndBunker,REAL
2025-05-12,531.0,707.0,461.5,,USD,USD/MT,USDA_AgTransport_ShipAndBunker,REAL
2025-05-13,532.0,708.0,465.0,,USD,USD/MT,USDA_AgTransport_ShipAndBunker,REAL
2025-05-14,540.0,718.5,473.0,,USD,USD/MT,USDA_AgTransport_ShipAndBunker,REAL
2025-05-15,540.0,723.0,469.0,,USD,USD/MT,USDA_AgTransport_ShipAndBunker,REAL
2025-05-16,539.0,720.0,469.0,,USD,USD/MT,USDA_AgTransport_ShipAndBunker,REAL
2025-05-19,537.0,712.0,469.0,,USD,USD/MT,USDA_AgTransport_ShipAndBunker,REAL
2025-05-20,538.5,714.5,462.5,,USD,USD/MT,USDA_AgTransport_ShipAndBunker,REAL
2025-05-21,540.0,714.0,466.0,,USD,USD/MT,USDA_AgTransport_ShipAndBunker,REAL
2025-05-22,536.5,712.5,462.5,,USD,USD/MT,USDA_AgTransport_ShipAndBunker,REAL
2025-05-23,532.0,708.5,460.5,,USD,USD/MT,USDA_AgTransport_ShipAndBunker,REAL
2025-05-26,532.5,710.0,461.5,,USD,USD/MT,USDA_AgTransport_ShipAndBunker,REAL
2025-05-27,531.0,706.5,457.5,,USD,USD/MT,USDA_AgTransport_ShipAndBunker,REAL
2025-05-28,532.0,706.0,459.5,,USD,USD/MT,USDA_AgTransport_ShipAndBunker,REAL
2025-05-29,532.0,706.0,461.5,,USD,USD/MT,USDA_AgTransport_ShipAndBunker,REAL
2025-05-30,528.0,703.0,457.0,,USD,USD/MT,USDA_AgTransport_ShipAndBunker,REAL
2025-06-02,531.5,708.0,456.5,,USD,USD/MT,USDA_AgTransport_ShipAndBunker,REAL
2025-06-03,531.0,710.0,462.0,,USD,USD/MT,USDA_AgTransport_ShipAndBunker,REAL
2025-06-04,533.5,709.0,463.5,,USD,USD/MT,USDA_AgTransport_ShipAndBunker,REAL
2025-06-05,534.0,711.5,465.0,,USD,USD/MT,USDA_AgTransport_ShipAndBunker,REAL
2025-06-06,532.0,711.5,464.5,,USD,USD/MT,USDA_AgTransport_ShipAndBunker,REAL
2025-06-09,532.5,715.5,466.5,,USD,USD/MT,USDA_AgTransport_ShipAndBunker,REAL
2025-06-10,534.5,717.0,467.0,,USD,USD/MT,USDA_AgTransport_ShipAndBunker,REAL
2025-06-17,571.0,767.0,499.0,,USD,USD/MT,USDA_AgTransport_ShipAndBunker,REAL
2025-06-18,581.5,789.5,506.0,,USD,USD/MT,USDA_AgTransport_ShipAndBunker,REAL
2025-06-19,588.0,803.5,509.0,,USD,USD/MT,USDA_AgTransport_ShipAndBunker,REAL
2025-06-20,589.0,818.0,509.0,,USD,USD/MT,USDA_AgTransport_ShipAndBunker,REAL
2025-06-23,588.0,805.0,508.0,,USD,USD/MT,USDA_AgTransport_ShipAndBunker,REAL
2025-06-24,562.5,769.0,477.5,,USD,USD/MT,USDA_AgTransport_ShipAndBunker,REAL
2025-06-25,557.5,761.5,474.5,,USD,USD/MT,USDA_AgTransport_ShipAndBunker,REAL
2025-06-26,556.0,755.0,478.0,,USD,USD/MT,USDA_AgTransport_ShipAndBunker,REAL
2025-06-27,554.0,757.5,472.5,,USD,USD/MT,USDA_AgTransport_ShipAndBunker,REAL
2025-06-30,553.0,756.0,470.5,,USD,USD/MT,USDA_AgTransport_ShipAndBunker,REAL
2025-07-01,553.0,755.0,469.0,,USD,USD/MT,USDA_AgTransport_ShipAndBunker,REAL
2025-07-02,552.0,760.5,465.0,,USD,USD/MT,USDA_AgTransport_ShipAndBunker,REAL
2025-07-03,555.5,768.0,469.5,,USD,USD/MT,USDA_AgTransport_ShipAndBunker,REAL
2025-07-04,555.5,768.0,466.5,,USD,USD/MT,USDA_AgTransport_ShipAndBunker,REAL
2025-07-07,553.0,772.0,465.5,,USD,USD/MT,USDA_AgTransport_ShipAndBunker,REAL
2025-07-08,555.5,774.5,467.5,,USD,USD/MT,USDA_AgTransport_ShipAndBunker,REAL
2025-07-09,559.5,787.0,468.5,,USD,USD/MT,USDA_AgTransport_ShipAndBunker,REAL
2025-07-10,557.5,785.5,469.5,,USD,USD/MT,USDA_AgTransport_ShipAndBunker,REAL
2025-07-11,554.0,779.0,464.5,,USD,USD/MT,USDA_AgTransport_ShipAndBunker,REAL
2025-07-14,557.5,787.0,466.5,,USD,USD/MT,USDA_AgTransport_ShipAndBunker,REAL
2025-07-15,557.0,773.5,464.5,,USD,USD/MT,USDA_AgTransport_ShipAndBunker,REAL
2025-07-16,552.0,770.5,460.5,,USD,USD/MT,USDA_AgTransport_ShipAndBunker,REAL
2025-07-17,550.5,768.5,462.5,,USD,USD/MT,USDA_AgTransport_ShipAndBunker,REAL
2025-07-18,550.5,776.5,467.0,,USD,USD/MT,USDA_AgTransport_ShipAndBunker,REAL
2025-07-21,550.0,775.0,467.0,,USD,USD/MT,USDA_AgTransport_ShipAndBunker,REAL
2025-07-22,549.5,773.0,465.5,,USD,USD/MT,USDA_AgTransport_ShipAndBunker,REAL
2025-07-23,547.0,771.0,462.0,,USD,USD/MT,USDA_AgTransport_ShipAndBunker,REAL
2025-07-24,548.5,773.0,467.0,,USD,USD/MT,USDA_AgTransport_ShipAndBunker,REAL
2025-07-25,548.0,772.0,466.0,,USD,USD/MT,USDA_AgTransport_ShipAndBunker,REAL
2025-07-28,547.0,769.0,464.5,,USD,USD/MT,USDA_AgTransport_ShipAndBunker,REAL
2025-07-29,550.0,770.5,466.5,,USD,USD/MT,USDA_AgTransport_ShipAndBunker,REAL
2025-07-30,555.5,774.5,472.5,,USD,USD/MT,USDA_AgTransport_ShipAndBunker,REAL
2025-07-31,556.5,776.0,471.5,,USD,USD/MT,USDA_AgTransport_ShipAndBunker,REAL
2025-08-01,556.0,772.5,471.0,,USD,USD/MT,USDA_AgTransport_ShipAndBunker,REAL
2025-08-04,549.0,760.5,465.0,,USD,USD/MT,USDA_AgTransport_ShipAndBunker,REAL
2025-08-05,546.0,751.5,464.0,,USD,USD/MT,USDA_AgTransport_ShipAndBunker,REAL
2025-08-06,543.5,750.5,464.0,,USD,USD/MT,USDA_AgTransport_ShipAndBunker,REAL
2025-08-07,541.0,746.5,462.0,,USD,USD/MT,USDA_AgTransport_ShipAndBunker,REAL
2025-08-08,537.0,756.5,458.5,,USD,USD/MT,USDA_AgTransport_ShipAndBunker,REAL
2025-08-11,533.5,749.0,456.5,,USD,USD/MT,USDA_AgTransport_ShipAndBunker,REAL
2025-08-12,532.0,753.0,456.0,,USD,USD/MT,USDA_AgTransport_ShipAndBunker,REAL
2025-08-13,531.0,745.5,454.5,,USD,USD/MT,USDA_AgTransport_ShipAndBunker,REAL
2025-08-14,529.5,744.0,452.0,,USD,USD/MT,USDA_AgTransport_ShipAndBunker,REAL
2025-08-15,531.5,743.5,451.5,,USD,USD/MT,USDA_AgTransport_ShipAndBunker,REAL
2025-08-18,528.5,740.5,449.0,,USD,USD/MT,USDA_AgTransport_ShipAndBunker,REAL
2025-08-19,527.0,739.5,445.5,,USD,USD/MT,USDA_AgTransport_ShipAndBunker,REAL
2025-08-20,527.0,740.0,444.5,,USD,USD/MT,USDA_AgTransport_ShipAndBunker,REAL
2025-08-21,529.0,743.0,446.0,,USD,USD/MT,USDA_AgTransport_ShipAndBunker,REAL
2025-08-22,527.5,744.0,443.0,,USD,USD/MT,USDA_AgTransport_ShipAndBunker,REAL
2025-08-25,531.0,749.5,453.0,,USD,USD/MT,USDA_AgTransport_ShipAndBunker,REAL
2025-08-26,532.5,751.5,452.5,,USD,USD/MT,USDA_AgTransport_ShipAndBunker,REAL
2025-08-27,530.0,746.0,442.5,,USD,USD/MT,USDA_AgTransport_ShipAndBunker,REAL
2025-08-28,529.0,745.5,443.5,,USD,USD/MT,USDA_AgTransport_ShipAndBunker,REAL
2025-08-29,531.0,749.0,442.5,,USD,USD/MT,USDA_AgTransport_ShipAndBunker,REAL
2025-09-01,533.5,747.5,444.0,,USD,USD/MT,USDA_AgTransport_ShipAndBunker,REAL
2025-09-02,534.5,751.0,447.5,,USD,USD/MT,USDA_AgTransport_ShipAndBunker,REAL
2025-09-03,536.0,757.5,448.5,,USD,USD/MT,USDA_AgTransport_ShipAndBunker,REAL
2025-09-04,530.5,755.0,445.5,,USD,USD/MT,USDA_AgTransport_ShipAndBunker,REAL
2025-09-05,525.5,755.0,438.5,,USD,USD/MT,USDA_AgTransport_ShipAndBunker,REAL
2025-09-08,524.5,754.0,435.0,,USD,USD/MT,USDA_AgTransport_ShipAndBunker,REAL
2025-09-09,524.0,758.5,439.0,,USD,USD/MT,USDA_AgTransport_ShipAndBunker,REAL
2025-09-10,521.0,761.5,437.5,,USD,USD/MT,USDA_AgTransport_ShipAndBunker,REAL
2025-09-11,517.5,760.0,438.5,,USD,USD/MT,USDA_AgTransport_ShipAndBunker,REAL
2025-09-12,516.5,758.5,437.0,,USD,USD/MT,USDA_AgTransport_ShipAndBunker,REAL
2025-09-15,516.5,760.0,438.0,,USD,USD/MT,USDA_AgTransport_ShipAndBunker,REAL
2025-09-16,521.5,764.5,440.5,,USD,USD/MT,USDA_AgTransport_ShipAndBunker,REAL
2025-09-17,524.0,770.5,442.5,,USD,USD/MT,USDA_AgTransport_ShipAndBunker,REAL
2025-09-18,524.0,772.0,444.0,,USD,USD/MT,USDA_AgTransport_ShipAndBunker,REAL
2025-09-19,520.5,765.5,441.5,,USD,USD/MT,USDA_AgTransport_ShipAndBunker,REAL
2025-09-22,515.0,764.5,441.0,,USD,USD/MT,USDA_AgTransport_ShipAndBunker,REAL
2025-09-23,514.5,763.0,442.5,,USD,USD/MT,USDA_AgTransport_ShipAndBunker,REAL
2025-09-24,518.0,768.5,449.5,,USD,USD/MT,USDA_AgTransport_ShipAndBunker,REAL
2025-09-25,520.5,772.5,453.0,,USD,USD/MT,USDA_AgTransport_ShipAndBunker,REAL
2025-09-26,524.5,782.0,458.0,,USD,USD/MT,USDA_AgTransport_ShipAndBunker,REAL
2025-09-29,523.0,773.5,457.0,,USD,USD/MT,USDA_AgTransport_ShipAndBunker,REAL
2025-11-05,494.0,779.5,434.0,,USD,USD/MT,USDA_AgTransport_ShipAndBunker,REAL
2025-11-06,492.5,792.5,433.5,,USD,USD/MT,USDA_AgTransport_ShipAndBunker,REAL
2025-11-07,492.5,799.0,431.0,,USD,USD/MT,USDA_AgTransport_ShipAndBunker,REAL
2025-11-10,495.5,795.0,431.5,,USD,USD/MT,USDA_AgTransport_ShipAndBunker,REAL
2025-11-11,495.0,803.0,430.5,,USD,USD/MT,USDA_AgTransport_ShipAndBunker,REAL
2025-11-12,496.0,813.0,430.0,,USD,USD/MT,USDA_AgTransport_ShipAndBunker,REAL
2025-11-13,490.0,796.0,422.5,,USD,USD/MT,USDA_AgTransport_ShipAndBunker,REAL
2025-11-14,490.0,791.5,419.0,,USD,USD/MT,USDA_AgTransport_ShipAndBunker,REAL
2025-11-17,492.0,797.0,421.5,,USD,USD/MT,USDA_AgTransport_ShipAndBunker,REAL
2025-11-18,493.0,804.0,419.0,,USD,USD/MT,USDA_AgTransport_ShipAndBunker,REAL
2025-11-19,490.0,821.5,417.5,,USD,USD/MT,USDA_AgTransport_ShipAndBunker,REAL
2025-11-20,486.5,811.5,413.0,,USD,USD/MT,USDA_AgTransport_ShipAndBunker,REAL
2025-11-21,482.0,794.5,408.5,,USD,USD/MT,USDA_AgTransport_ShipAndBunker,REAL
2025-11-24,477.0,779.0,405.5,,USD,USD/MT,USDA_AgTransport_ShipAndBunker,REAL
2025-11-25,473.0,767.0,404.0,,USD,USD/MT,USDA_AgTransport_ShipAndBunker,REAL
2025-11-26,470.5,758.5,399.0,,USD,USD/MT,USDA_AgTransport_ShipAndBunker,REAL
2025-11-27,471.5,755.5,400.0,,USD,USD/MT,USDA_AgTransport_ShipAndBunker,REAL
2025-11-28,472.0,756.0,400.0,,USD,USD/MT,USDA_AgTransport_ShipAndBunker,REAL
2025-12-01,473.5,757.5,401.5,,USD,USD/MT,USDA_AgTransport_ShipAndBunker,REAL
2025-12-02,473.0,755.5,400.0,,USD,USD/MT,USDA_AgTransport_ShipAndBunker,REAL
2025-12-03,469.5,759.0,397.0,,USD,USD/MT,USDA_AgTransport_ShipAndBunker,REAL
2025-12-04,470.5,755.5,397.0,,USD,USD/MT,USDA_AgTransport_ShipAndBunker,REAL
2025-12-05,472.5,752.0,400.0,,USD,USD/MT,USDA_AgTransport_ShipAndBunker,REAL
2025-12-08,470.5,747.5,399.5,,USD,USD/MT,USDA_AgTransport_ShipAndBunker,REAL
2025-12-09,469.5,743.0,397.0,,USD,USD/MT,USDA_AgTransport_ShipAndBunker,REAL
2025-12-10,466.0,744.0,392.5,,USD,USD/MT,USDA_AgTransport_ShipAndBunker,REAL
2025-12-11,464.0,739.0,388.0,,USD,USD/MT,USDA_AgTransport_ShipAndBunker,REAL
2025-12-12,462.0,735.5,388.0,,USD,USD/MT,USDA_AgTransport_ShipAndBunker,REAL
2025-12-15,461.0,731.0,386.5,,USD,USD/MT,USDA_AgTransport_ShipAndBunker,REAL
2025-12-16,457.5,721.5,382.0,,USD,USD/MT,USDA_AgTransport_ShipAndBunker,REAL
2025-12-17,456.0,721.0,383.5,,USD,USD/MT,USDA_AgTransport_ShipAndBunker,REAL
2025-12-18,455.5,716.0,387.0,,USD,USD/MT,USDA_AgTransport_ShipAndBunker,REAL
2025-12-19,457.0,712.0,383.0,,USD,USD/MT,USDA_AgTransport_ShipAndBunker,REAL
2025-12-22,458.0,714.5,387.5,,USD,USD/MT,USDA_AgTransport_ShipAndBunker,REAL
2025-12-23,462.0,711.0,390.5,,USD,USD/MT,USDA_AgTransport_ShipAndBunker,REAL
2025-12-24,463.0,715.0,390.0,,USD,USD/MT,USDA_AgTransport_ShipAndBunker,REAL
2025-12-25,463.0,715.0,390.0,,USD,USD/MT,USDA_AgTransport_ShipAndBunker,REAL
2025-12-26,462.0,712.5,388.5,,USD,USD/MT,USDA_AgTransport_ShipAndBunker,REAL
2025-12-29,464.5,717.5,390.0,,USD,USD/MT,USDA_AgTransport_ShipAndBunker,REAL
2025-12-30,463.0,717.0,393.0,,USD,USD/MT,USDA_AgTransport_ShipAndBunker,REAL
2025-12-31,463.5,715.0,391.0,,USD,USD/MT,USDA_AgTransport_ShipAndBunker,REAL
2026-01-01,464.0,715.0,391.5,,USD,USD/MT,USDA_AgTransport_ShipAndBunker,REAL
2026-01-02,462.0,714.5,390.5,,USD,USD/MT,USDA_AgTransport_ShipAndBunker,REAL
2026-01-05,460.0,713.5,391.0,,USD,USD/MT,USDA_AgTransport_ShipAndBunker,REAL
2026-01-06,460.0,712.0,392.5,,USD,USD/MT,USDA_AgTransport_ShipAndBunker,REAL
2026-01-07,458.5,708.0,389.5,,USD,USD/MT,USDA_AgTransport_ShipAndBunker,REAL
2026-01-08,458.0,705.5,389.0,,USD,USD/MT,USDA_AgTransport_ShipAndBunker,REAL
2026-01-09,462.0,712.5,394.0,,USD,USD/MT,USDA_AgTransport_ShipAndBunker,REAL
2026-01-12,466.0,715.5,393.0,,USD,USD/MT,USDA_AgTransport_ShipAndBunker,REAL
2026-01-13,472.0,721.0,398.0,,USD,USD/MT,USDA_AgTransport_ShipAndBunker,REAL
2026-01-14,477.5,728.0,406.0,,USD,USD/MT,USDA_AgTransport_ShipAndBunker,REAL
2026-01-15,477.0,725.0,403.0,,USD,USD/MT,USDA_AgTransport_ShipAndBunker,REAL
2026-01-16,476.0,725.0,406.5,,USD,USD/MT,USDA_AgTransport_ShipAndBunker,REAL
2026-01-19,476.0,728.0,407.5,,USD,USD/MT,USDA_AgTransport_ShipAndBunker,REAL
2026-01-20,476.0,728.5,405.5,,USD,USD/MT,USDA_AgTransport_ShipAndBunker,REAL
2026-01-21,480.0,736.5,408.0,,USD,USD/MT,USDA_AgTransport_ShipAndBunker,REAL
2026-01-22,484.5,739.0,412.0,,USD,USD/MT,USDA_AgTransport_ShipAndBunker,REAL
2026-01-23,485.0,741.0,415.5,,USD,USD/MT,USDA_AgTransport_ShipAndBunker,REAL
2026-01-26,488.0,750.0,427.5,,USD,USD/MT,USDA_AgTransport_ShipAndBunker,REAL
2026-01-27,487.0,751.5,424.5,,USD,USD/MT,USDA_AgTransport_ShipAndBunker,REAL
2026-01-28,493.5,759.5,429.5,,USD,USD/MT,USDA_AgTransport_ShipAndBunker,REAL
2026-01-29,502.0,768.0,435.0,,USD,USD/MT,USDA_AgTransport_ShipAndBunker,REAL
2026-01-30,503.0,769.0,437.5,,USD,USD/MT,USDA_AgTransport_ShipAndBunker,REAL
2026-02-02,495.0,760.0,426.5,,USD,USD/MT,USDA_AgTransport_ShipAndBunker,REAL
2026-02-03,494.5,758.0,427.0,,USD,USD/MT,USDA_AgTransport_ShipAndBunker,REAL
2026-02-04,503.5,767.5,436.0,,USD,USD/MT,USDA_AgTransport_ShipAndBunker,REAL
2026-02-05,507.5,767.5,441.0,,USD,USD/MT,USDA_AgTransport_ShipAndBunker,REAL
2026-02-06,508.5,769.5,440.0,,USD,USD/MT,USDA_AgTransport_ShipAndBunker,REAL
2026-02-09,507.5,768.5,439.5,,USD,USD/MT,USDA_AgTransport_ShipAndBunker,REAL
2026-02-10,510.5,769.0,443.0,,USD,USD/MT,USDA_AgTransport_ShipAndBunker,REAL
2026-02-11,516.5,772.5,446.5,,USD,USD/MT,USDA_AgTransport_ShipAndBunker,REAL
2026-02-12,517.0,773.5,449.0,,USD,USD/MT,USDA_AgTransport_ShipAndBunker,REAL
2026-02-13,509.5,765.0,442.5,,USD,USD/MT,USDA_AgTransport_ShipAndBunker,REAL
2026-02-16,510.0,762.5,447.0,,USD,USD/MT,USDA_AgTransport_ShipAndBunker,REAL
2026-02-17,512.5,765.5,448.0,,USD,USD/MT,USDA_AgTransport_ShipAndBunker,REAL
2026-02-18,516.0,766.0,451.5,,USD,USD/MT,USDA_AgTransport_ShipAndBunker,REAL
2026-02-19,532.0,784.5,463.5,,USD,USD/MT,USDA_AgTransport_ShipAndBunker,REAL
2026-02-20,535.5,791.0,464.5,,USD,USD/MT,USDA_AgTransport_ShipAndBunker,REAL
2026-02-23,536.0,783.5,458.5,,USD,USD/MT,USDA_AgTransport_ShipAndBunker,REAL
2026-02-24,538.0,791.5,459.5,,USD,USD/MT,USDA_AgTransport_ShipAndBunker,REAL
2026-02-25,537.5,793.5,457.0,,USD,USD/MT,USDA_AgTransport_ShipAndBunker,REAL
2026-02-26,536.5,792.0,460.5,,USD,USD/MT,USDA_AgTransport_ShipAndBunker,REAL
2026-02-27,543.5,797.5,463.0,,USD,USD/MT,USDA_AgTransport_ShipAndBunker,REAL
2026-03-02,587.5,877.5,517.0,,USD,USD/MT,USDA_AgTransport_ShipAndBunker,REAL
2026-03-03,629.0,981.5,558.5,,USD,USD/MT,USDA_AgTransport_ShipAndBunker,REAL
2026-03-04,659.0,1029.0,583.5,,USD,USD/MT,USDA_AgTransport_ShipAndBunker,REAL
2026-03-05,681.5,1108.0,610.5,,USD,USD/MT,USDA_AgTransport_ShipAndBunker,REAL
2026-03-06,735.0,1153.5,649.0,,USD,USD/MT,USDA_AgTransport_ShipAndBunker,REAL
2026-03-09,929.0,1330.0,886.0,,USD,USD/MT,USDA_AgTransport_ShipAndBunker,REAL
2026-03-10,907.0,1285.0,805.5,,USD,USD/MT,USDA_AgTransport_ShipAndBunker,REAL
2026-03-11,960.0,1379.0,794.0,,USD,USD/MT,USDA_AgTransport_ShipAndBunker,REAL
2026-03-12,1005.0,1440.0,862.0,,USD,USD/MT,USDA_AgTransport_ShipAndBunker,REAL
2026-03-13,1022.5,1477.5,871.0,,USD,USD/MT,USDA_AgTransport_ShipAndBunker,REAL
2026-03-16,1036.5,1521.0,871.5,,USD,USD/MT,USDA_AgTransport_ShipAndBunker,REAL
2026-03-17,1017.0,1493.5,847.5,,USD,USD/MT,USDA_AgTransport_ShipAndBunker,REAL
2026-03-18,1014.0,1510.0,861.0,,USD,USD/MT,USDA_AgTransport_ShipAndBunker,REAL
2026-03-19,1048.5,1601.5,916.0,,USD,USD/MT,USDA_AgTransport_ShipAndBunker,REAL
2026-03-20,1053.0,1601.5,874.0,,USD,USD/MT,USDA_AgTransport_ShipAndBunker,REAL
2026-03-23,1035.5,1623.0,869.5,,USD,USD/MT,USDA_AgTransport_ShipAndBunker,REAL
2026-03-24,974.5,1568.5,821.5,,USD,USD/MT,USDA_AgTransport_ShipAndBunker,REAL
2026-03-25,936.5,1537.0,777.0,,USD,USD/MT,USDA_AgTransport_ShipAndBunker,REAL
2026-03-26,939.5,1580.5,786.0,,USD,USD/MT,USDA_AgTransport_ShipAndBunker,REAL
2026-03-27,940.5,1601.0,787.0,,USD,USD/MT,USDA_AgTransport_ShipAndBunker,REAL
2026-03-30,971.5,1691.0,827.0,,USD,USD/MT,USDA_AgTransport_ShipAndBunker,REAL
2026-03-31,965.0,1694.0,810.0,,USD,USD/MT,USDA_AgTransport_ShipAndBunker,REAL
2026-04-01,957.5,1692.0,785.5,,USD,USD/MT,USDA_AgTransport_ShipAndBunker,REAL
2026-04-02,958.0,1759.0,795.5,,USD,USD/MT,USDA_AgTransport_ShipAndBunker,REAL
2026-04-03,958.5,1791.5,795.5,,USD,USD/MT,USDA_AgTransport_ShipAndBunker,REAL
2026-04-06,977.5,1835.0,813.0,,USD,USD/MT,USDA_AgTransport_ShipAndBunker,REAL
2026-04-07,972.0,1843.5,811.5,,USD,USD/MT,USDA_AgTransport_ShipAndBunker,REAL
2026-04-08,919.0,1670.0,752.5,,USD,USD/MT,USDA_AgTransport_ShipAndBunker,REAL
2026-04-09,893.5,1622.5,750.5,,USD,USD/MT,USDA_AgTransport_ShipAndBunker,REAL
2026-04-10,886.0,1656.5,736.5,,USD,USD/MT,USDA_AgTransport_ShipAndBunker,REAL
2026-04-13,891.5,1645.5,747.5,,USD,USD/MT,USDA_AgTransport_ShipAndBunker,REAL
2026-04-14,889.0,1610.0,734.0,,USD,USD/MT,USDA_AgTransport_ShipAndBunker,REAL
2026-04-15,861.5,1559.0,714.0,,USD,USD/MT,USDA_AgTransport_ShipAndBunker,REAL
2026-04-16,856.0,1548.5,708.5,,USD,USD/MT,USDA_AgTransport_ShipAndBunker,REAL
2026-04-17,838.5,1528.5,702.0,,USD,USD/MT,USDA_AgTransport_ShipAndBunker,REAL
2026-04-20,828.5,1463.0,699.0,,USD,USD/MT,USDA_AgTransport_ShipAndBunker,REAL
2026-04-21,819.5,1441.0,697.0,,USD,USD/MT,USDA_AgTransport_ShipAndBunker,REAL
2026-04-22,828.0,1492.0,708.0,,USD,USD/MT,USDA_AgTransport_ShipAndBunker,REAL
2026-04-23,849.0,1505.5,724.0,,USD,USD/MT,USDA_AgTransport_ShipAndBunker,REAL
2026-04-24,864.0,1527.5,732.0,,USD,USD/MT,USDA_AgTransport_ShipAndBunker,REAL
2026-04-27,859.5,1541.0,740.0,,USD,USD/MT,USDA_AgTransport_ShipAndBunker,REAL
2026-04-28,871.0,1523.0,752.5,,USD,USD/MT,USDA_AgTransport_ShipAndBunker,REAL
2026-04-29,889.0,1529.5,756.0,,USD,USD/MT,USDA_AgTransport_ShipAndBunker,REAL
2026-04-30,906.5,1551.5,773.0,,USD,USD/MT,USDA_AgTransport_ShipAndBunker,REAL
2026-05-01,901.0,1532.5,765.0,,USD,USD/MT,USDA_AgTransport_ShipAndBunker,REAL
2026-05-04,907.5,1492.5,764.0,,USD,USD/MT,USDA_AgTransport_ShipAndBunker,REAL
2026-05-05,939.5,1489.5,785.0,,USD,USD/MT,USDA_AgTransport_ShipAndBunker,REAL
2026-05-06,925.5,1410.0,763.5,,USD,USD/MT,USDA_AgTransport_ShipAndBunker,REAL
2026-05-07,902.5,1375.5,753.5,,USD,USD/MT,USDA_AgTransport_ShipAndBunker,REAL
2026-05-08,906.0,1382.5,747.0,,USD,USD/MT,USDA_AgTransport_ShipAndBunker,REAL
2026-05-11,909.5,1415.5,751.0,,USD,USD/MT,USDA_AgTransport_ShipAndBunker,REAL
2026-05-12,913.5,1433.0,761.0,,USD,USD/MT,USDA_AgTransport_ShipAndBunker,REAL
2026-05-13,912.0,1436.0,762.5,,USD,USD/MT,USDA_AgTransport_ShipAndBunker,REAL
2026-05-14,911.0,1421.5,763.0,,USD,USD/MT,USDA_AgTransport_ShipAndBunker,REAL
2026-05-15,919.0,1434.0,778.5,,USD,USD/MT,USDA_AgTransport_ShipAndBunker,REAL
2026-05-18,926.0,1437.0,790.5,,USD,USD/MT,USDA_AgTransport_ShipAndBunker,REAL
2026-05-19,927.5,1440.5,794.5,,USD,USD/MT,USDA_AgTransport_ShipAndBunker,REAL
2026-05-20,923.0,1431.5,791.5,,USD,USD/MT,USDA_AgTransport_ShipAndBunker,REAL
2026-05-21,903.5,1397.5,763.5,,USD,USD/MT,USDA_AgTransport_ShipAndBunker,REAL
2026-05-22,890.0,1377.0,765.5,,USD,USD/MT,USDA_AgTransport_ShipAndBunker,REAL
2026-05-25,860.0,1334.0,737.0,,USD,USD/MT,USDA_AgTransport_ShipAndBunker,REAL
2026-05-26,866.0,1341.0,742.5,,USD,USD/MT,USDA_AgTransport_ShipAndBunker,REAL
2026-05-27,855.5,1325.5,738.0,,USD,USD/MT,USDA_AgTransport_ShipAndBunker,REAL
2026-05-28,856.0,1302.5,736.5,,USD,USD/MT,USDA_AgTransport_ShipAndBunker,REAL
2026-05-29,843.5,1281.5,721.0,,USD,USD/MT,USDA_AgTransport_ShipAndBunker,REAL
2026-06-01,850.0,1304.5,734.5,,USD,USD/MT,USDA_AgTransport_ShipAndBunker,REAL
2026-06-02,849.5,1300.0,729.5,,USD,USD/MT,USDA_AgTransport_ShipAndBunker,REAL
2026-06-03,864.5,1342.5,736.5,,USD,USD/MT,USDA_AgTransport_ShipAndBunker,REAL
2026-06-04,859.0,1332.5,718.5,,USD,USD/MT,USDA_AgTransport_ShipAndBunker,REAL
2026-06-05,855.5,1304.0,704.0,,USD,USD/MT,USDA_AgTransport_ShipAndBunker,REAL
2026-06-08,857.5,1302.0,710.0,,USD,USD/MT,USDA_AgTransport_ShipAndBunker,REAL
2026-06-09,845.0,1286.5,693.5,,USD,USD/MT,USDA_AgTransport_ShipAndBunker,REAL
2026-06-10,834.0,1263.5,690.0,,USD,USD/MT,USDA_AgTransport_ShipAndBunker,REAL
2026-06-11,820.0,1258.0,682.5,,USD,USD/MT,USDA_AgTransport_ShipAndBunker,REAL
2026-06-12,805.0,1224.5,661.5,,USD,USD/MT,USDA_AgTransport_ShipAndBunker,REAL
2026-06-15,784.5,1186.5,639.0,,USD,USD/MT,USDA_AgTransport_ShipAndBunker,REAL
2026-06-16,757.5,1155.5,616.5,,USD,USD/MT,USDA_AgTransport_ShipAndBunker,REAL
2026-06-17,742.0,1133.0,591.0,,USD,USD/MT,USDA_AgTransport_ShipAndBunker,REAL
2026-06-18,738.5,1122.5,578.5,,USD,USD/MT,USDA_AgTransport_ShipAndBunker,REAL
2026-06-19,736.0,1127.5,570.0,,USD,USD/MT,USDA_AgTransport_ShipAndBunker,REAL
2026-06-22,734.5,1131.5,585.5,,USD,USD/MT,USDA_AgTransport_ShipAndBunker,REAL
2026-06-23,723.5,1118.5,574.0,,USD,USD/MT,USDA_AgTransport_ShipAndBunker,REAL
2026-06-24,722.0,1112.0,561.5,,USD,USD/MT,USDA_AgTransport_ShipAndBunker,REAL
2026-06-25,709.0,1105.5,547.5,,USD,USD/MT,USDA_AgTransport_ShipAndBunker,REAL
2026-06-26,707.0,1110.5,546.5,,USD,USD/MT,USDA_AgTransport_ShipAndBunker,REAL
2026-06-29,706.5,1120.0,548.0,,USD,USD/MT,USDA_AgTransport_ShipAndBunker,REAL
2026-06-30,700.5,1128.0,547.5,,USD,USD/MT,USDA_AgTransport_ShipAndBunker,REAL
2026-07-01,690.5,1129.5,542.5,,USD,USD/MT,USDA_AgTransport_ShipAndBunker,REAL
2026-07-02,685.0,1114.5,527.5,,USD,USD/MT,USDA_AgTransport_ShipAndBunker,REAL
2026-07-03,684.5,1114.5,531.0,,USD,USD/MT,USDA_AgTransport_ShipAndBunker,REAL
2026-07-06,676.0,1110.0,530.5,,USD,USD/MT,USDA_AgTransport_ShipAndBunker,REAL
2026-07-07,676.5,1114.0,526.5,,USD,USD/MT,USDA_AgTransport_ShipAndBunker,REAL
2026-07-08,693.5,1135.0,551.0,,USD,USD/MT,USDA_AgTransport_ShipAndBunker,REAL
2026-07-09,712.5,1167.5,555.5,,USD,USD/MT,USDA_AgTransport_ShipAndBunker,REAL
2026-07-10,711.5,1166.0,552.5,,USD,USD/MT,USDA_AgTransport_ShipAndBunker,REAL
2026-07-13,724.5,1175.5,564.5,,USD,USD/MT,USDA_AgTransport_ShipAndBunker,REAL
2026-07-14,758.5,1229.0,607.5,,USD,USD/MT,USDA_AgTransport_ShipAndBunker,REAL
2026-07-15,777.0,1262.0,612.0,,USD,USD/MT,USDA_AgTransport_ShipAndBunker,REAL
2026-07-16,782.0,1248.0,613.5,,USD,USD/MT,USDA_AgTransport_ShipAndBunker,REAL
2026-07-17,782.0,1275.0,613.5,,USD,USD/MT,USDA_AgTransport_ShipAndBunker,REAL
2026-07-20,793.0,1297.5,630.5,,USD,USD/MT,USDA_AgTransport_ShipAndBunker,REAL
2026-07-21,793.0,1292.0,617.5,,USD,USD/MT,USDA_AgTransport_ShipAndBunker,REAL
2026-07-22,809.5,1322.5,643.5,,USD,USD/MT,USDA_AgTransport_ShipAndBunker,REAL
2026-07-23,831.5,1340.0,652.0,,USD,USD/MT,USDA_AgTransport_ShipAndBunker,REAL
2026-07-24,835.5,1358.5,657.0,,USD,USD/MT,USDA_AgTransport_ShipAndBunker,REAL
2026-07-27,825.0,1335.5,640.5,,USD,USD/MT,USDA_AgTransport_ShipAndBunker,REAL
2026-07-28,805.0,1311.0,625.0,,USD,USD/MT,USDA_AgTransport_ShipAndBunker,REAL
2026-07-29,807.5,1341.0,624.5,,USD,USD/MT,USDA_AgTransport_ShipAndBunker,REAL
2026-07-30,815.0,1350.0,636.5,,USD,USD/MT,USDA_AgTransport_ShipAndBunker,REAL
2026-07-31,814.5,1354.0,627.5,,USD,USD/MT,USDA_AgTransport_ShipAndBunker,REAL
2026-08-03,810.0,1330.5,620.5,,USD,USD/MT,USDA_AgTransport_ShipAndBunker,REAL
2026-08-04,806.5,1312.0,620.0,,USD,USD/MT,USDA_AgTransport_ShipAndBunker,REAL
2026-08-05,791.5,1272.5,598.0,,USD,USD/MT,USDA_AgTransport_ShipAndBunker,REAL
2026-08-06,789.0,1272.0,604.5,,USD,USD/MT,USDA_AgTransport_ShipAndBunker,REAL
2026-08-07,794.5,1288.0,611.5,,USD,USD/MT,USDA_AgTransport_ShipAndBunker,REAL
2026-08-08,806.0,1321.5,622.0,,USD,USD/MT,USDA_AgTransport_ShipAndBunker,REAL
2026-08-11,823.5,1391.0,636.5,,USD,USD/MT,USDA_AgTransport_ShipAndBunker,REAL
2026-08-12,820.5,1374.0,629.5,,USD,USD/MT,USDA_AgTransport_ShipAndBunker,REAL
2026-08-13,814.5,1373.0,629.5,,USD,USD/MT,USDA_AgTransport_ShipAndBunker,REAL
2026-08-14,813.0,1368.0,629.0,,USD,USD/MT,USDA_AgTransport_ShipAndBunker,REAL
2026-08-17,817.0,1373.0,634.5,,USD,USD/MT,USDA_AgTransport_ShipAndBunker,REAL
2026-08-18,821.0,1390.0,644.0,,USD,USD/MT,USDA_AgTransport_ShipAndBunker,REAL
2026-08-19,823.0,1400.5,652.0,,USD,USD/MT,USDA_AgTransport_ShipAndBunker,REAL
2026-08-20,825.0,1396.0,657.0,,USD,USD/MT,USDA_AgTransport_ShipAndBunker,REAL
2026-08-21,823.5,1395.0,653.5,,USD,USD/MT,USDA_AgTransport_ShipAndBunker,REAL
2026-08-24,820.5,1389.0,650.0,,USD,USD/MT,USDA_AgTransport_ShipAndBunker,REAL
2026-08-25,811.5,1371.0,636.5,,USD,USD/MT,USDA_AgTransport_ShipAndBunker,REAL
2026-08-26,794.5,1341.0,625.0,,USD,USD/MT,USDA_AgTransport_ShipAndBunker,REAL
2026-08-27,791.5,1342.0,625.0,,USD,USD/MT,USDA_AgTransport_ShipAndBunker,REAL
2026-08-28,799.0,1354.5,628.0,,USD,USD/MT,USDA_AgTransport_ShipAndBunker,REAL
2026-08-31,810.5,1378.0,635.0,,USD,USD/MT,USDA_AgTransport_ShipAndBunker,REAL
2026-09-01,821.5,1411.5,648.0,,USD,USD/MT,USDA_AgTransport_ShipAndBunker,REAL
2026-09-02,840.0,1444.5,656.0,,USD,USD/MT,USDA_AgTransport_ShipAndBunker,REAL
